"Abilene, TX",181591,32.4487364,-99.73314390000002
"Akron, OH",698398,41.081199,-81.51883769999999
"Albany, GA",145508,31.5785074,-84.15574099999999
"Albany, OR",229209,44.6365107,-123.1059282
"Albany-Schenectady-Troy, NY",904682,42.6525793,-73.7562317
"Albuquerque, NM",922296,35.0843859,-106.650422
"Alexandria, LA",148171,31.3112936,-92.4451371
"Allentown-Bethlehem-Easton, PA-NJ",873555,40.6022939,-75.4714098
"Altoona, PA",120273,40.5186809,-78.3947359
"Amarillo, TX",272395,35.2219971,-101.8312969
"Ames, IA",125156,42.0307812,-93.63191309999999
"Amherst Town-Northampton, MA",162502,42.3732216,-72.5198537
"Anchorage, AK",401314,61.2175758,-149.8996785
"Ann Arbor, MI",365536,42.2808256,-83.7430378
"Anniston-Oxford, AL",116429,33.6598257,-85.8316318
"Appleton, WI",246433,44.2619309,-88.41538469999999
"Asheville, NC",417202,35.5950581,-82.5514869
"Athens-Clarke County, GA",222060,33.9519347,-83.357567
"Atlanta-Sandy Springs-Roswell, GA",6307261,33.748752,-84.38768449999999
"Atlantic City-Hammonton, NJ",369823,39.3642834,-74.4229266
"Auburn-Opelika, AL",201585,32.6098566,-85.48078249999999
"Augusta-Richmond County, GA-SC",629429,33.4687314,-82.0283188
"Austin-Round Rock-San Marcos, TX",2473275,30.267153,-97.7430608
"Bakersfield-Delano, CA",913820,35.3732921,-119.0187125
"Baltimore-Columbia-Towson, MD",2834316,39.2903848,-76.6121893
"Bangor, ME",155312,44.8016128,-68.7712257
"Barnstable Town, MA",231735,41.7003208,-70.3002024
"Baton Rouge, LA",873661,30.4514677,-91.18714659999999
"Battle Creek, MI",133366,42.3211522,-85.17971419999999
"Bay City, MI",102500,43.5944677,-83.8888647
"Beaumont-Port Arthur, TX",395479,30.080174,-94.1265562
"Beckley, WV",111428,37.7781702,-81.1881557
"Bellingham, WA",231919,48.7519112,-122.4786854
"Bend, OR",260919,44.0581728,-121.3153096
"Billings, MT",191435,45.7832856,-108.5006904
"Binghamton, NY",243792,42.09868669999999,-75.91797380000001
"Birmingham, AL",1184290,33.5185892,-86.8103567
"Bismarck, ND",135786,46.8041643,-100.7877616
"Blacksburg-Christiansburg-Radford, VA",181428,37.2295733,-80.4139393
"Bloomington, IL",170441,40.4842027,-88.99368729999999
"Bloomington, IN",160874,39.165325,-86.52638569999999
"Boise City, ID",824657,43.6150186,-116.2023137
"Boston-Cambridge-Newton, MA-NH",4919179,42.3600825,-71.0588801
"Boulder, CO",326831,40.0149856,-105.2705456
"Bowling Green, KY",188840,36.9685219,-86.4808043
"Bozeman, MT",126409,45.67931189999999,-111.037259
"Bremerton-Silverdale-Port Orchard, WA",277658,47.5650067,-122.6269768
"Bridgeport-Stamford-Danbury, CT",951558,41.1792258,-73.1894384
"Brunswick-St Simons, GA",116074,31.1510919,-81.4878157
"Buffalo-Cheektowaga, NY",1155604,42.88644679999999,-78.8783689
"Burlington, NC",179165,36.0959767,-79.43716049999999
"Burlington-South Burlington, VT",227942,44.4758825,-73.21207199999999
"Canton-Massillon, OH",399474,40.79894729999999,-81.378447
"Cape Coral-Fort Myers, FL",834573,26.5628537,-81.9495331
"Cape Girardeau, MO-IL",98223,37.3058839,-89.51814759999999
"Carson City, NV",58036,39.1637984,-119.7674034
"Casper, WY",79941,42.84870900000001,-106.2980824
"Cedar Rapids, IA",275668,41.9778795,-91.6656232
"Chambersburg, PA",157854,39.9375911,-77.6611022
"Champaign-Urbana, IL",235608,40.1164204,-88.2433829
"Charleston, WV",203164,38.3498195,-81.6326234
"Charleston-North Charleston, SC",849417,32.7833163,-79.9319664
"Charlotte-Concord-Gastonia, NC-SC",2805115,35.2270869,-80.8431267
"Charlottesville, VA",225127,38.0293059,-78.47667810000002
"Chattanooga, TN-GA",580971,35.0457984,-85.3093995
"Cheyenne, WY",100984,41.1399814,-104.8202462
"Chicago-Naperville-Elgin, IL-IN",9262825,41.8781136,-87.6297982
"Chico, CA",207172,39.7282839,-121.8379978
"Cincinnati, OH-KY-IN",2271479,39.1031182,-84.5120196
"Clarksville, TN-KY",340495,36.5297706,-87.3594528
"Cleveland, OH",2158932,41.49932,-81.6943605
"Cleveland, TN",129612,35.1595182,-84.8766115
"Coeur d'Alene, ID",185010,47.6734632,-116.7812225
"College Station-Bryan, TX",281445,30.627977,-96.3344068
"Colorado Springs, CO",768832,38.8338816,-104.8213634
"Columbia, MO",216511,38.9517053,-92.3340724
"Columbia, SC",858302,34.0008322,-81.035147
"Columbus, GA-AL",323768,32.4609764,-84.9877094
"Columbus, IN",84003,39.2014404,-85.9213796
"Columbus, OH",2180271,39.9611755,-82.99879419999999
"Corpus Christi, TX",448323,27.8005828,-97.39638099999999
"Crestview-Fort Walton Beach-Destin, FL",304818,30.7541808,-86.5727995
"Dallas-Fort Worth-Arlington, TX",8100037,32.7766642,-96.79698789999999
"Dalton, GA",144722,34.7698021,-84.9702228
"Daphne-Fairhope-Foley, AL",253507,30.6035255,-87.9036047
"Davenport-Moline-Rock Island, IA-IL",379441,41.5236437,-90.5776367
"Dayton-Kettering-Beavercreek, OH",814363,39.7589478,-84.1916069
"Decatur, AL",158635,34.6059253,-86.9833417
"Decatur, IL",100591,39.8403147,-88.9548001
"Deltona-Daytona Beach-Ormond Beach, FL",721796,28.9005446,-81.26367379999999
"Denver-Aurora-Centennial, CO",3005131,39.7392358,-104.990251
"Des Moines-West Des Moines, IA",737164,41.5868417,-93.6249522
"Dothan, AL",153349,31.2232313,-85.3904888
"Dover, DE",189789,39.158168,-75.5243682
"Dubuque, IA",98887,42.5063629,-90.6677479
"Duluth, MN-WI",281603,46.78667189999999,-92.1004852
"Durham-Chapel Hill, NC",608879,35.9940329,-78.898619
"Eagle Pass, TX",57762,28.7091433,-100.4995214
"Eau Claire, WI",174873,44.811349,-91.4984941
"El Centro, CA",179057,32.792,-115.5630514
"Elizabethtown, KY",127576,37.7009419,-85.8676309
"Elkhart-Goshen, IN",206409,41.6873832,-85.973517
"Elmira, NY",81325,42.0897965,-76.8077338
"Enid, OK",62023,36.3955891,-97.8783911
"Erie, PA",267571,42.12922409999999,-80.085059
"Eugene-Springfield, OR",381181,44.0520691,-123.0867536
"Evansville, IN",327562,37.9715592,-87.5710898
"Fairbanks-College, AK",94840,64.8400511,-147.7199756
"Fargo, ND-MN",262620,46.8771863,-96.7898034
"Farmington, NM",120675,36.72805830000001,-108.2186856
"Fayetteville, NC",392336,35.0523673,-78.87837739999999
"Fayetteville-Springdale-Rogers, AR",590337,36.0626579,-94.16058389999999
"Flagstaff, AZ",144472,35.1982836,-111.651302
"Flint, MI",401522,43.0125274,-83.6874562
"Florence, SC",199630,34.1954331,-79.7625625
"Florence-Muscle Shoals, AL",155175,34.79981,-87.677251
"Fond du Lac, WI",103948,43.7730448,-88.4470508
"Fort Collins-Loveland, CO",370771,40.5852602,-105.084423
"Fort Smith, AR-OK",231280,35.3843722,-94.42096459999999
"Fort Wayne, IN",457842,41.079273,-85.1393513
"Fresno, CA",1180020,36.7377981,-119.7871247
"Gadsden, AL",103241,34.014264,-86.0066386
"Gainesville, FL",352126,29.6519563,-82.324998
"Gainesville, GA",217267,34.2978794,-83.8240663
"Gettysburg, PA",106748,39.8309293,-77.2310955
"Glens Falls, NY",125427,43.3095164,-73.6440058
"Goldsboro, NC",118686,35.3848841,-77.9927651
"Grand Forks, ND-MN",103120,47.9252568,-97.0328547
"Grand Island, NE",76479,40.9263957,-98.3420118
"Grand Junction, CO",159681,39.0638705,-108.5506486
"Grand Rapids-Wyoming-Kentwood, MI",1162950,42.9633599,-85.6680863
"Grants Pass, OR",87821,42.4390069,-123.3283925
"Great Falls, MT",84900,47.5052849,-111.3007715
"Greeley, CO",359442,40.4233142,-104.7091322
"Green Bay, WI",331882,44.5133188,-88.0132958
"Greensboro-High Point, NC",789842,36.0725632,-79.791534
"Greenville, NC",175119,35.612661,-77.3663538
"Greenville-Anderson-Greer, SC",975480,34.85261759999999,-82.3940104
"Gulfport-Biloxi, MS",421916,30.3674198,-89.0928155
"Hagerstown-Martinsburg, MD-WV",305902,39.6417629,-77.71999319999999
"Hammond, LA",138064,30.5043583,-90.46119949999999
"Hanford-Corcoran, CA",152682,36.3274502,-119.6456844
"Harrisburg-Carlisle, PA",606055,40.2731911,-76.8867008
"Harrisonburg, VA",137650,38.4495688,-78.8689155
"Hartford-West Hartford-East Hartford, CT",1151543,41.7658043,-72.6733723
"Hattiesburg, MS",155740,31.3271189,-89.29033919999999
"Helena, MT",96091,46.5891452,-112.0391057
"Hickory-Lenoir-Morganton, NC",370030,35.7344538,-81.3444573
"Hilton Head Island-Bluffton-Port Royal, SC",232523,32.216316,-80.752608
"Hinesville, GA",88804,31.8315028,-81.6141099
"Homosassa Springs, FL",166696,28.8037059,-82.5761369
"Hot Springs, AR",99784,34.5077615,-93.05460029999999
"Houma-Bayou Cane-Thibodaux, LA",198672,29.5957696,-90.71953479999999
"Houston-Pasadena-The Woodlands, TX",7510253,29.7600771,-95.37011079999999
"Huntington-Ashland, WV-KY-OH",368261,38.4192496,-82.44515400000002
"Huntsville, AL",527254,34.7303688,-86.5861037
"Idaho Falls, ID",168322,43.4926602,-112.0407506
"Indianapolis-Carmel-Greenwood, IN",2138468,39.76909,-86.158018
"Iowa City, IA",180088,41.6578257,-91.53461689999999
"Ithaca, NY",103558,42.4439614,-76.5018807
"Jackson, MI",159424,42.245869,-84.40134619999999
"Jackson, MS",610257,32.2981392,-90.18065
"Jackson, TN",181826,35.6145169,-88.81394689999999
"Jacksonville, FL",1713240,30.3321838,-81.65565099999999
"Jacksonville, NC",213676,34.7540524,-77.4302414
"Janesville-Beloit, WI",164278,42.6827885,-89.0187222
"Jefferson City, MO",150733,38.57670170000001,-92.1735164
"Johnson City, TN",213198,36.3134397,-82.3534727
"Johnstown, PA",130668,40.32674069999999,-78.9219698
"Jonesboro, AR",136390,35.835696,-90.7051346
"Joplin, MO-KS",204787,37.08422710000001,-94.51328099999999
"Kahului-Wailuku, HI",164264,20.8893016,-156.4728725
"Kalamazoo-Portage, MI",262215,42.2917069,-85.5872286
"Kankakee, IL",105940,41.1200325,-87.8611531
"Kansas City, MO-KS",2221343,39.0997265,-94.5785667
"Kennewick-Richland, WA",314253,46.2086683,-119.119948
"Killeen-Temple, TX",501333,31.1171194,-97.72779589999999
"Kingsport-Bristol, TN-VA",313025,36.548434,-82.5618186
"Kingston, NY",182333,41.9270367,-73.9973608
"Kiryas Joel-Poughkeepsie-Newburgh, NY",704620,41.3420381,-74.167924
"Knoxville, TN",946264,35.9606384,-83.9207392
"Kokomo, IN",83831,40.486427,-86.13360329999999
"La Crosse-Onalaska, WI-MN",170238,43.8137751,-91.25190169999999
"Lafayette, LA",414288,30.2240897,-92.0198427
"Lafayette-West Lafayette, IN",226564,40.4167022,-86.87528689999999
"Lake Charles, LA",240082,30.2265949,-93.2173758
"Lake Havasu City-Kingman, AZ",223682,34.483901,-114.3224548
"Lakeland-Winter Haven, FL",818330,28.0394654,-81.9498042
"Lancaster, PA",558589,40.0378755,-76.3055144
"Lansing-East Lansing, MI",473177,42.732535,-84.5555347
"Las Cruces, NM",225210,32.3199396,-106.7636538
"Las Vegas-Henderson-North Las Vegas, NV",2336573,36.171563,-115.1391009
"Lawrence, KS",120553,38.9716689,-95.2352501
"Lawton, OK",127001,34.6035669,-98.39592909999999
"Lebanon, PA",144252,40.3409251,-76.4113497
"Lewiston, ID-WA",65536,46.4040971,-117.0019991
"Lewiston-Auburn, ME",113765,44.100351,-70.21477639999999
"Lexington-Fayette, KY",520045,38.0405837,-84.5037164
"Lexington Park, MD",210009,38.2575517,-76.4620928
"Lima, OH",100838,40.742551,-84.1052256
"Lincoln, NE",344387,40.8136634,-96.7025764
"Little Rock-North Little Rock-Conway, AR",764045,34.7444618,-92.2880157
"Logan, UT-ID",157887,41.7369803,-111.8338359
"Longview, TX",293498,32.5007037,-94.74048909999999
"Longview-Kelso, WA",112864,46.1381676,-122.9381672
"Los Angeles-Long Beach-Anaheim, CA",12799100,34.0549076,-118.242643
"Louisville/Jefferson County, KY-IN",1365557,38.2526647,-85.7584557
"Lubbock, TX",360104,33.5778239,-101.8552934
"Lynchburg, VA",264590,37.4137536,-79.14224639999999
"Macon-Bibb County, GA",236074,32.8406946,-83.6324022
"Madison, WI",694345,43.0721661,-89.4007501
"Manchester-Nashua, NH",427354,42.9956397,-71.4547891
"Manhattan, KS",132831,39.18360819999999,-96.57166939999999
"Mankato, MN",104248,44.1661456,-94.0055647
"Mansfield, OH",125064,40.75839,-82.5154471
"Medford, OR",220768,42.3265152,-122.8755949
"Memphis, TN-MS-AR",1335674,35.1495343,-90.0489801
"Merced, CA",291920,37.3021632,-120.4829677
"Miami-Fort Lauderdale-West Palm Beach, FL",6183199,25.7616798,-80.1917902
"Michigan City-La Porte, IN",111706,41.70753939999999,-86.8950297
"Midland, MI",84039,43.6155825,-84.2472116
"Midland, TX",182324,31.9973456,-102.0779146
"Milwaukee-Waukesha, WI",1560424,43.0389025,-87.9064736
"Minneapolis-St Paul-Bloomington, MN-WI",3712020,44.977753,-93.2650108
"Minot, ND",75742,48.2329668,-101.2922906
"Missoula, MT",126939,46.8721284,-113.9940314
"Mobile, AL",411640,30.6953657,-88.0398912
"Modesto, CA",551430,37.6392595,-120.9970014
"Monroe, LA",221885,32.5093109,-92.1193012
"Monroe, MI",155045,41.9164343,-83.3977101
"Montgomery, AL",385480,32.3792233,-86.3077368
"Morgantown, WV",141817,39.629526,-79.95589679999999
"Morristown, TN",124054,36.2139814,-83.29489219999999
"Mount Vernon-Anacortes, WA",131417,48.4201105,-122.3374542
"Muncie, IN",112321,40.1936877,-85.3876714
"Muskegon-Norton Shores, MI",176564,43.2341813,-86.24839209999999
"Myrtle Beach-Conway-North Myrtle Beach, SC",397478,33.6954218,-78.8802094
"Napa, CA",133216,38.2975381,-122.286865
"Naples-Marco Island, FL",404310,26.1420358,-81.7948103
"Nashville-Davidson--Murfreesboro--Franklin, TN",2102573,36.1626638,-86.7816016
"New Haven, CT",568158,41.308274,-72.9278835
"New Orleans-Metairie, LA",962165,29.9508941,-90.07583559999999
"New York-Newark-Jersey City, NY-NJ",19498249,40.7127753,-74.0059728
"Niles, MI",152261,41.8297694,-86.2541768
"North Port-Bradenton-Sarasota, FL",910108,27.044224,-82.2359254
"Norwich-New London-Willimantic, CT",279634,41.5242649,-72.07591049999999
"Ocala, FL",409959,29.1871986,-82.14009229999999
"Odessa, TX",164494,31.8456816,-102.3676431
"Ogden, UT",658133,41.223,-111.9738304
"Oklahoma City, OK",1477926,35.4675602,-97.5164276
"Olympia-Lacey-Tumwater, WA",299003,47.0378741,-122.9006951
"Omaha, NE-IA",983969,41.2565369,-95.9345034
"Orlando-Kissimmee-Sanford, FL",2817933,28.5383832,-81.3789269
"Oshkosh-Neenah, WI",171735,44.0247062,-88.5426136
"Owensboro, KY",112512,37.7719074,-87.1111676
"Oxnard-Thousand Oaks-Ventura, CA",829590,34.1975048,-119.1770516
"Paducah, KY-IL",102267,37.0833893,-88.6000478
"Palm Bay-Melbourne-Titusville, FL",643979,28.0344621,-80.5886646
"Panama City-Panama City Beach, FL",216371,30.1588129,-85.6602058
"Parkersburg-Vienna, WV",88052,39.2667418,-81.56151349999999
"Pensacola-Ferry Pass-Brent, FL",530090,30.42130899999999,-87.2169149
"Peoria, IL",362240,40.6936488,-89.5889864
"Philadelphia-Camden-Wilmington, PA-NJ-DE-MD",6246160,39.9525839,-75.1652215
"Phoenix-Mesa-Chandler, AZ",5070110,33.4483771,-112.0740373
"Pinehurst-Southern Pines, NC",106898,35.1954345,-79.4694767
"Pittsburgh, PA",2422725,40.44062479999999,-79.9958864
"Pittsfield, MA",126818,42.4500845,-73.2453824
"Pocatello, ID",90400,42.8621042,-112.4506191
"Portland-South Portland, ME",566329,43.6590993,-70.2568189
"Portland-Vancouver-Hillsboro, OR-WA",2508050,45.515232,-122.6783853
"Port St Lucie, FL",536901,27.2730492,-80.3582261
"Prescott Valley-Prescott, AZ",249081,34.6096777,-112.315259
"Providence-Warwick, RI-MA",1677803,41.8239891,-71.4128343
"Provo-Orem-Lehi, UT",732197,40.2338438,-111.6585337
"Pueblo, CO",169422,38.2705996,-104.6101033
"Punta Gorda, FL",206134,26.9297836,-82.0453664
"Racine-Mount Pleasant, WI",364101,42.7261309,-87.78285230000002
"Raleigh-Cary, NC",1509231,35.7795897,-78.6381787
"Rapid City, SD",155974,44.0805434,-103.2310149
"Reading, PA",432821,40.3356483,-75.9268747
"Redding, CA",180366,40.5865396,-122.3916754
"Reno, NV",564782,39.529919,-119.8142691
"Richmond, VA",1349732,37.5407246,-77.4360481
"Riverside-San Bernardino-Ontario, CA",4688053,33.9806005,-117.3754942
"Roanoke, VA",314314,37.2709704,-79.9414266
"Rochester, MN",229077,44.0121221,-92.4801989
"Rochester, NY",1052087,43.15657789999999,-77.6088465
"Rockford, IL",334124,42.2711311,-89.0939952
"Rocky Mount, NC",145383,35.9382103,-77.7905339
"Rome, GA",100113,34.257038,-85.1646726
"Sacramento-Roseville-Folsom, CA",2420608,38.5815719,-121.4943996
"Saginaw, MI",187782,43.4194699,-83.9508068
"St Cloud, MN",202577,45.5579451,-94.16324039999999
"St George, UT",202452,37.0965278,-113.5684164
"St Joseph, MO-KS",118475,39.7674578,-94.84668099999999
"St Louis, MO-IL",2796999,38.6270025,-90.19940419999999
"Salem, OR",436546,44.9428975,-123.0350963
"Salinas, CA",430723,36.6777372,-121.6555013
"Salisbury, MD",129710,38.3606736,-75.5993692
"Salt Lake City-Murray, UT",1267864,40.7607793,-111.8910474
"San Angelo, TX",120606,31.4637723,-100.4370375
"San Antonio-New Braunfels, TX",2703999,29.4251905,-98.4945922
"Sandusky, OH",113838,41.4561754,-82.71168209999999
"San Francisco-Oakland-Fremont, CA",4566961,37.7749295,-122.4194155
"San Jose-Sunnyvale-Santa Clara, CA",1945767,37.33874,-121.8852525
"Santa Cruz-Watsonville, CA",261547,36.9741171,-122.0307963
"Santa Fe, NM",155956,35.6869752,-105.937799
"Santa Maria-Santa Barbara, CA",441257,34.9530337,-120.4357191
"Santa Rosa-Petaluma, CA",481812,38.440429,-122.7140548
"Savannah, GA",424935,32.0808989,-81.091203
"Scranton--Wilkes-Barre, PA",569413,41.408969,-75.66241219999999
"Seattle-Tacoma-Bellevue, WA",4044837,47.6061389,-122.3328481
"Sebastian-Vero Beach-West Vero Corridor, FL",169795,27.816415,-80.4706078
"Sebring, FL",107614,27.495592,-81.440907
"Sheboygan, WI",117752,43.7508284,-87.71453
"Sherman-Denison, TX",146907,33.6356618,-96.6088805
"Shreveport-Bossier City, LA",383295,32.5251516,-93.7501789
"Sierra Vista-Douglas, AZ",124640,31.5455001,-110.2772856
"Sioux City, IA-NE-SD",144402,42.4963416,-96.40494079999999
"Sioux Falls, SD-MN",304555,43.5460223,-96.731265
"Slidell-Mandeville-Covington, LA",275583,30.2751945,-89.78117449999999
"South Bend-Mishawaka, IN-MI",324490,41.6763545,-86.25198979999999
"Spartanburg, SC",383327,34.9515959,-81.9327167
"Spokane-Spokane Valley, WA",600292,47.6579711,-117.4235319
"Springfield, IL",205445,39.78172130000001,-89.6501481
"Springfield, MA",460291,42.1014831,-72.589811
"Springfield, MO",491053,37.2089572,-93.29229889999999
"Springfield, OH",134610,39.9242266,-83.8088171
"State College, PA",157795,40.7933949,-77.8600012
"Staunton-Stuarts Draft, VA",127344,38.149576,-79.0716958
"Stockton-Lodi, CA",800965,37.9577016,-121.2907796
"Sumter, SC",104165,33.9204354,-80.3414693
"Syracuse, NY",652956,43.0481221,-76.14742439999999
"Tallahassee, FL",392645,30.4381828,-84.28062349999999
"Tampa-St Petersburg-Clearwater, FL",3342963,27.9516896,-82.45875269999999
"Terre Haute, IN",168787,39.4667034,-87.41390919999999
"Texarkana, TX-AR",145907,33.425125,-94.04768820000001
"Toledo, OH",600141,41.6528052,-83.5378674
"Topeka, KS",232322,39.0473451,-95.67515759999999
"Traverse City, MI",156371,44.7630567,-85.62063169999999
"Trenton-Princeton, NJ",381671,40.2205824,-74.759717
"Tucson, AZ",1063162,32.2539787,-110.9741769
"Tulsa, OK",1044757,36.1539816,-95.99277500000001
"Tuscaloosa, AL",278290,33.2098407,-87.56917349999999
"Twin Falls, ID",120635,42.5558381,-114.4700518
"Tyler, TX",245209,32.3512601,-95.30106239999999
"Urban Honolulu, HI",989408,21.3098845,-157.8581401
"Utica-Rome, NY",287039,43.100903,-75.232664
"Valdosta, GA",151118,30.8328597,-83.2771957
"Vallejo, CA",449218,38.1040864,-122.2566367
"Victoria, TX",98808,28.8052674,-97.0035982
"Vineland, NJ",152326,39.4863773,-75.02596369999999
"Virginia Beach-Chesapeake-Norfolk, VA-NC",1787169,36.8516437,-75.97921939999999
"Visalia, CA",479468,36.3301329,-119.2966367
"Waco, TX",304865,31.549333,-97.1466695
"Walla Walla, WA",61568,46.0645809,-118.3430209
"Warner Robins, GA",200779,32.6130007,-83.624201
"Washington-Arlington-Alexandria, DC-VA-MD-WV",6304975,38.9071923,-77.0368707
"Waterbury-Shelton, CT",456128,41.5581525,-73.0514965
"Waterloo-Cedar Falls, IA",168162,42.492786,-92.34257749999999
"Watertown-Fort Drum, NY",114787,43.9747838,-75.91075649999999
"Wausau, WI",138612,44.9591352,-89.6301221
"Weirton-Steubenville, WV-OH",113544,40.41895660000001,-80.58951669999999
"Wenatchee-East Wenatchee, WA",124795,47.4234599,-120.3103494
"Wheeling, WV-OH",135517,40.0639616,-80.7209149
"Wichita, KS",652939,37.68717609999999,-97.33005299999999
"Wichita Falls, TX",149947,33.9137085,-98.4933873
"Wildwood-The Villages, FL",151565,28.8655006,-82.0379317
"Williamsport, PA",112724,41.2411897,-77.00107860000001
"Wilmington, NC",467337,34.2103894,-77.8868117
"Winchester, VA-WV",147260,39.1856597,-78.1633341
"Winston-Salem, NC",695630,36.09985959999999,-80.244216
"Worcester, MA",866866,42.2625932,-71.8022934
"Yakima, WA",256643,46.6022299,-120.5060955
"York-Hanover, PA",464640,39.9625984,-76.727745
"Youngstown-Warren, OH",425969,41.0997803,-80.6495194
"Yuba City, CA",183670,39.1406607,-121.6177394
"Yuma, AZ",213221,32.6926512,-114.6276916
"Aberdeen, SD",41790,45.4646985,-98.4864829
"Aberdeen, WA",77290,46.9753708,-123.8157218
"Ada, OK",38396,34.774531,-96.6783449
"Adrian, MI",97520,41.8975471,-84.03716589999999
"Alamogordo, NM",68835,32.8995325,-105.960265
"Alamosa, CO",27804,37.4694491,-105.8700214
"Albemarle, NC",65699,35.3501426,-80.2000578
"Albert Lea, MN",30515,43.6478006,-93.3686555
"Albertville, AL",100756,34.2675937,-86.20886689999999
"Alexander City, AL",40677,32.944012,-85.9538532
"Alexandria, MN",39953,45.8848164,-95.3776663
"Alice, TX",45510,27.7522487,-98.0697249
"Alma, MI",41368,43.3789694,-84.66023539999999
"Alpena, MI",28904,45.0616794,-83.4327528
"Altus, OK",24669,34.637765,-99.3340442
"Americus, GA",33416,32.0723861,-84.23268759999999
"Amsterdam, NY",49368,42.9377453,-74.190356
"Anderson Creek, NC",141477,35.2834941,-78.9169696
"Andrews, TX",18664,32.31871580000001,-102.5457155
"Angola, IN",34917,41.6347726,-84.9994088
"Arcadia, FL",35979,27.2158826,-81.8584164
"Ardmore, OK",48596,34.1742611,-97.14362539999999
"Arkadelphia, AR",21274,34.120994,-93.053544
"Arkansas City-Winfield, KS",34157,37.0619736,-97.0383712
"Ashland, OH",52190,40.8686675,-82.3182178
"Astoria, OR",41102,46.1878841,-123.8312534
"Atchison, KS",16016,39.5630521,-95.12163559999999
"Athens, OH",62706,39.3292396,-82.1012554
"Athens, TN",69369,35.4428512,-84.5929898
"Athens, TX",86158,32.2048735,-95.8555207
"Auburn, IN",44198,41.3669942,-85.0588575
"Auburn, NY",74485,42.9317335,-76.5660529
"Augusta-Waterville, ME",127259,44.3106241,-69.7794897
"Austin, MN",40058,43.6666296,-92.97463669999999
"Bainbridge, GA",29087,30.9037995,-84.57546990000002
"Baker City, OR",16912,44.7748748,-117.8343848
"Baraboo, WI",65920,43.4710944,-89.74429060000001
"Barre, VT",60142,44.1966858,-72.5013944
"Bartlesville, OK",53706,36.7467005,-95.9783538
"Batavia, NY",57529,42.9981156,-78.1875167
"Batesville, AR",38320,35.7696862,-91.6409431
"Bay City, TX",36359,28.9827565,-95.969402
"Beatrice, NE",21634,40.2659269,-96.7466913
"Beaver Dam, WI",88231,43.4577692,-88.837329
"Bedford, IN",45084,38.8611619,-86.4872149
"Beeville, TX",30850,28.4008319,-97.7483312
"Bellefontaine, OH",46057,40.3611643,-83.7596557
"Bemidji, MN",46718,47.471573,-94.8826861
"Bennington, VT",37183,42.8781345,-73.1967741
"Big Rapids, MI",41099,43.6980782,-85.4836557
"Big Spring, TX",30554,32.2503979,-101.4787355
"Bishop, CA",18527,37.36139360000001,-118.395236
"Blackfoot, ID",50395,43.19047090000001,-112.3449773
"Bloomsburg-Berwick, PA",65439,41.003698,-76.4549457
"Bluefield, WV-VA",97177,37.2698395,-81.2223195
"Blytheville, AR",38663,35.9284963,-89.9080319
"Bogalusa, LA",44865,30.7910204,-89.8486858
"Bonham, TX",37571,33.5773275,-96.1783111
"Boone, NC",54748,36.216795,-81.6745517
"Borger, TX",20033,35.6678203,-101.3973876
"Bradford, PA",39519,41.9564953,-78.649163
"Brainerd, MN",99750,46.3526733,-94.2020084
"Branson, MO",56775,36.6441276,-93.2183384
"Brattleboro, VT",45966,42.8509152,-72.5578678
"Breckenridge, CO",37830,39.4816537,-106.0383518
"Brenham, TX",37007,30.1668828,-96.39774419999999
"Brevard, NC",33549,35.2334472,-82.7342919
"Brigham City, UT-ID",67637,41.5102129,-112.0155015
"Brookhaven, MS",34702,31.5790588,-90.4406506
"Brookings, OR",23296,42.0526114,-124.2839819
"Brookings, SD",35980,44.3113573,-96.79838769999999
"Brownwood, TX",38709,31.7093197,-98.9911611
"Bucyrus, OH",41529,40.8083909,-82.97546489999999
"Burley, ID",48176,42.5357428,-113.7927948
"Burlington, IA-IL",44341,40.8076529,-91.1128901
"Butte-Silver Bow, MT",36360,46.0038232,-112.5347776
"Cadillac, MI",49433,44.2519526,-85.40116189999999
"Calhoun, GA",59757,34.502587,-84.9510542
"Cambridge, MD",32879,38.5632868,-76.0785791
"Cambridge, OH",38089,40.031183,-81.5884561
"Camden, AR",26434,33.5836341,-92.8341045
"Campbellsville, KY",37911,37.3433974,-85.3419069
"Canon City, CO",50318,38.4494063,-105.2253316
"Canton, IL",32541,40.5580945,-90.03511669999999
"Carbondale, IL",52141,37.7272727,-89.2167501
"Carlsbad-Artesia, NM",60275,32.4203395,-104.2289925
"Carroll, IA",20522,42.0655986,-94.86727929999999
"Cedar City, UT",64211,37.67747689999999,-113.0618931
"Cedartown, GA",44223,34.0112715,-85.25658229999999
"Celina, OH",42439,40.5489358,-84.5702338
"Centralia, IL",36673,38.5285169,-89.1316944
"Centralia, WA",86154,46.7162136,-122.9542972
"Charleston-Mattoon, IL",46060,39.4961458,-88.1761521
"Chillicothe, OH",76501,39.3331197,-82.9824019
"Clarksburg, WV",88707,39.2806451,-80.34453409999999
"Clarksdale, MS",20077,34.2001086,-90.5709323
"Clearlake, CA",67878,38.961809,-122.6312972
"Cleveland, MS",28968,33.7440023,-90.7248187
"Clewiston, FL",56119,26.7542312,-80.93367529999999
"Clinton, IA",46158,41.8444735,-90.1887379
"Clovis, NM",66009,34.4047987,-103.2052272
"Cody, WY",30735,44.52634219999999,-109.0565308
"Coldwater, MI",45215,41.9403263,-85.00052149999999
"Columbus, MS",67197,33.4956744,-88.4272627
"Columbus, NE",45175,41.43029730000001,-97.3593904
"Concord, NH",157103,43.2081366,-71.5375718
"Connersville, IN",23362,39.6411589,-85.1410748
"Cookeville, TN",148226,36.162839,-85.5016423
"Coos Bay-North Bend, OR",64212,43.3672213,-124.2131325
"Corbin, KY",149563,36.9486986,-84.0968761
"Cordele, GA",19631,31.9635074,-83.7823938
"Corinth, MS",34135,34.9342548,-88.5222702
"Cornelia, GA",48757,34.5114883,-83.5271166
"Corning, NY",92162,42.1428521,-77.05469029999999
"Corsicana, TX",55635,32.0954304,-96.46887269999999
"Cortland, NY",45752,42.6011813,-76.1804843
"Coshocton, OH",36869,40.2720151,-81.8595756
"Crawfordsville, IN",38573,40.0411536,-86.87445160000001
"Crescent City, CA",26589,41.7557501,-124.2025913
"Crossville, TN",64760,35.9489566,-85.0269014
"Cullman, AL",92016,34.1748208,-86.8436124
"Cumberland, MD-WV",94140,39.6528654,-78.7625185
"Danville, IL",71652,40.124481,-87.6300207
"Danville, KY",55764,37.6456329,-84.77217019999999
"Danville, VA",101408,36.5859718,-79.39502279999999
"Decatur, IN",36288,40.830603,-84.9291329
"Defiance, OH",38315,41.2844933,-84.3557802
"Del Rio, TX",47720,29.3708857,-100.8958674
"Deming, NM",25316,32.2686981,-107.7586404
"DeRidder, LA",36827,30.8463055,-93.2890527
"Detroit Lakes, MN",35283,46.8171808,-95.8453253
"Dickinson, ND",38054,46.8791756,-102.7896242
"Dixon, IL",33654,41.8389213,-89.47954779999999
"Dodge City, KS",33980,37.7527982,-100.0170787
"Douglas, GA",51610,31.5088073,-82.8498654
"Dublin, GA",59223,32.5404447,-82.90375399999999
"DuBois, PA",77090,41.1210115,-78.7583257
"Dumas, TX",21190,35.8653789,-101.9732236
"Duncan, OK",44014,34.5023028,-97.9578128
"Durango, CO",56407,37.27528,-107.8800667
"Durant, OK",48967,33.9924186,-96.39712329999999
"Dyersburg, TN",36498,36.0345159,-89.38562809999999
"Easton, MD",37823,38.7742826,-76.0763305
"East Stroudsburg, PA",166053,41.0030522,-75.1817547
"Edwards, CO",54381,39.644986,-106.5942
"Effingham, IL",44592,39.1200418,-88.5433829
"El Campo, TX",41739,29.19664049999999,-96.2696867
"El Dorado, AR",37397,33.207471,-92.66557159999999
"Elizabeth City, NC",41444,36.2946008,-76.2510461
"Elk City, OK",22042,35.4119944,-99.4042592
"Elkins, WV",27350,38.92593970000001,-79.8467349
"Elko, NV",56210,40.8324211,-115.7631232
"Ellensburg, WA",45508,46.9965144,-120.5478474
"Emporia, KS",34751,38.403903,-96.18166260000001
"Enterprise, AL",55643,31.3151708,-85.85521609999999
"Escanaba, MI",36790,45.74524659999999,-87.06458010000001
"Espanola, NM",39876,35.9910383,-106.0818233
"Eufaula, AL-GA",26865,31.8912717,-85.1454876
"Eureka-Arcata, CA",133985,40.8020712,-124.1636729
"Evanston, WY-UT",23415,41.2682794,-110.9632373
"Fairmont, MN",19657,43.65217750000001,-94.46108319999999
"Fairmont, WV",55807,39.4850848,-80.1425781
"Fallon, NV",25803,39.4748693,-118.7770407
"Faribault-Northfield, MN",67948,44.2949636,-93.268827
"Farmington, MO",67058,37.7808846,-90.4217895
"Fayetteville, TN",36169,35.1520266,-86.57055079999999
"Fergus Falls, MN",60626,46.2835212,-96.0777887
"Findlay, OH",74704,41.0391283,-83.6502309
"Fitzgerald, GA",17128,31.7149082,-83.25265449999999
"Forest City, NC",65507,35.3340108,-81.8651028
"Forrest City, AR",22101,35.0092581,-90.7852312
"Fort Dodge, IA",36485,42.4974694,-94.16801579999999
"Fort Leonard Wood, MO",53812,37.7252315,-92.1646722
"Fort Madison, IA",32565,40.6297634,-91.31453499999999
"Fort Morgan, CO",29524,40.2502582,-103.7999509
"Fort Payne, AL",72569,34.4442547,-85.7196893
"Frankfort, IN",32730,40.2794809,-86.5108355
"Frankfort, KY",76257,38.2009055,-84.87328350000001
"Franklin, KY",20195,36.7187855,-86.5785573
"Fredericksburg, TX",27733,30.2752011,-98.8719843
"Freeport, IL",43105,42.2966861,-89.6212271
"Fremont, NE",37187,41.4333909,-96.49814669999999
"Fremont, OH",58709,41.3503303,-83.1218634
"Gaffney, SC",56714,35.0717945,-81.64981949999999
"Gainesville, TX",43782,33.62594139999999,-97.1333453
"Galesburg, IL",48411,40.94781580000001,-90.3712395
"Gallipolis, OH",28986,38.809803,-82.2023691
"Gallup, NM",68797,35.5280783,-108.7425843
"Garden City, KS",37466,37.9716898,-100.8726618
"Gardnerville Ranchos, NV-CA",50686,38.8882398,-119.7412875
"Gillette, WY",47498,44.2931097,-105.494199
"Glasgow, KY",55490,36.9958839,-85.91192149999999
"Gloversville, NY",52234,43.0528506,-74.3437467
"Granbury, TX",67774,32.4488736,-97.7905758
"Grand Rapids, MN",45365,47.2371658,-93.53021419999999
"Great Bend, KS",24899,38.3644567,-98.7648073
"Greencastle, IN",37567,39.6444898,-86.8647316
"Greeneville, TN",72577,36.1631574,-82.83098609999999
"Greenfield, MA",70836,42.587915,-72.5994104
"Greensburg, IN",26399,39.3372722,-85.483581
"Greenville, MS",41946,33.399661,-91.0377029
"Greenville, OH",51415,40.1028264,-84.63301150000001
"Greenwood, MS",35913,33.5162315,-90.1795281
"Greenwood, SC",93894,34.1954001,-82.1617883
"Grenada, MS",30665,33.7690049,-89.8084192
"Guymon, OK",20371,36.6828041,-101.4815493
"Hailey, ID",31723,43.51962880000001,-114.3153245
"Hannibal, MO",38825,39.7083789,-91.35848159999999
"Harrison, AR",45601,36.2297712,-93.107405
"Hastings, NE",40366,40.5862583,-98.38987259999999
"Hays, KS",28810,38.8791783,-99.3267702
"Heber, UT",79903,40.5002793,-111.4135673
"Hemlock Farms, PA",61247,41.3267583,-75.0365612
"Henderson, NC",42301,36.3217481,-78.4114797
"Hereford, TX",18347,34.8150622,-102.3977036
"Hermiston-Pendleton, OR",92355,45.8404101,-119.2894605
"Hermitage, PA",108503,41.2333896,-80.44868
"Hillsdale, MI",45587,41.9200472,-84.6305101
"Hilo-Kailua, HI",207615,19.7216023,-155.084887
"Hobbs, NM",72101,32.7026116,-103.1360403
"Holland, MI",121939,42.7875235,-86.1089301
"Hood River, OR",23745,45.70885699999999,-121.5122706
"Houghton, MI",39771,47.12113309999999,-88.5694182
"Hudson, NY",60470,42.2528649,-73.790959
"Huntingdon, PA",43514,40.48479589999999,-78.0102813
"Huntington, IN",36781,40.8831011,-85.49747599999999
"Huntsville, TX",81268,30.7235263,-95.55077709999999
"Huron, SD",19591,44.3633173,-98.21425719999999
"Hutchinson, KS",61497,38.0608445,-97.92977429999999
"Hutchinson, MN",36785,44.89254830000001,-94.3692926
"Indiana, PA",83094,40.6214551,-79.15253489999999
"Iron Mountain, MI-WI",30664,45.8202334,-88.0659603
"Jackson, WY-ID",35781,43.4799291,-110.7624282
"Jacksonville, IL",36850,39.733936,-90.2290098
"Jacksonville, TX",52217,31.963778,-95.27050419999999
"Jamestown, ND",21392,46.9105438,-98.7084357
"Jamestown-Dunkirk, NY",124891,42.0970023,-79.23532589999999
"Jasper, IN",43546,38.3914418,-86.9311094
"Jefferson, GA",88615,34.1170537,-83.5723876
"Jesup, GA",31373,31.6074365,-81.8853924
"Juneau, AK",31555,58.30049329999999,-134.4201306
"Kalispell, MT",113679,48.1919889,-114.3168131
"Kapaa, HI",73851,22.0947394,-159.3245926
"Kearney, NE",57467,40.69933030000001,-99.0816784
"Keene, NH",77703,42.933692,-72.2781409
"Kendallville, IN",47430,41.4414384,-85.2649754
"Kennett, MO",27032,36.2361762,-90.0556493
"Kerrville, TX",53915,30.0474332,-99.1403189
"Ketchikan, AK",13738,55.34222219999999,-131.6461111
"Key West-Key Largo, FL",80614,24.5550593,-81.7799871
"Kill Devil Hills, NC",38110,36.0307226,-75.6760101
"Kingsland, GA",58118,30.7999563,-81.68982609999999
"Kingsville, TX",30069,27.5158689,-97.85610899999999
"Kinston, NC",54895,35.2626635,-77.5816353
"Kirksville, MO",29175,40.19475389999999,-92.5832496
"Klamath Falls, OR",70003,42.224867,-121.7816704
"Laconia, NH",65027,43.5278546,-71.4703509
"La Grande, OR",25944,45.3245771,-118.0877188
"LaGrange, GA-AL",104821,33.0362218,-85.0322444
"Lake City, FL",73063,30.1893883,-82.6394016
"Lake of the Woods, VA",38574,38.3401712,-77.7607522
"Laramie, WY",38257,41.3113669,-105.5911007
"Las Vegas, NM",30791,35.5942137,-105.2227978
"Laurel, MS",82263,31.6940509,-89.1306124
"Laurinburg, NC",34376,34.7740494,-79.46282479999999
"Lawrenceburg, TN",46114,35.2423023,-87.33473889999999
"Lebanon, MO",36680,37.6805967,-92.6637865
"Lebanon-Claremont, NH-VT",225159,43.6422934,-72.2517569
"Le Mars, IA",25722,42.79415669999999,-96.1655778
"Lewisburg, TN",36961,35.4492404,-86.7888887
"Lewistown, PA",45922,40.5992395,-77.571382
"Lexington, NE",25932,40.7808398,-99.74150449999999
"Liberal, KS",21067,37.0430812,-100.920999
"Lincoln, IL",27590,40.1483768,-89.3648183
"Lock Haven, PA",37607,41.1370133,-77.4469263
"Logansport, IN",37666,40.7544843,-86.3566659
"Los Alamos, NM",19444,35.8800364,-106.3031138
"Ludington, MI",29159,43.9552825,-86.4525831
"Lufkin, TX",87319,31.3345562,-94.7321127
"Lumberton, NC",117365,34.6182199,-79.0086424
"Macomb, IL",26839,40.4592076,-90.67179709999999
"Madison, IN",33056,38.7358933,-85.37995769999999
"Madisonville, KY",44929,37.32810050000001,-87.4988882
"Magnolia, AR",22150,33.2670757,-93.2393835
"Malvern, AR",33258,34.3624245,-92.8123856
"Manitowoc, WI",81331,44.0886059,-87.657584
"Marietta, OH",58577,39.41535200000001,-81.45484359999999
"Marinette, WI-MI",65051,45.0999849,-87.6306623
"Marion, IN",66200,40.5583739,-85.6591442
"Marion, NC",44893,35.6840131,-82.00927449999999
"Marion, OH",64851,40.5886699,-83.1285242
"Marion-Herrin, IL",66706,37.7306054,-88.9331256
"Marquette, MI",66999,46.5436199,-87.3953713
"Marshall, MN",25427,44.448423,-95.79119159999999
"Marshall, MO",23049,39.1230777,-93.1968704
"Marshalltown, IA",40014,42.0494674,-92.90803749999999
"Martin, TN",33084,36.3433965,-88.8503379
"Martinsville, VA",63465,36.6915262,-79.8725386
"Maryville, MO",20695,40.3461017,-94.8724706
"Mason City, IA",49703,43.1527025,-93.2011021
"Massena-Ogdensburg, NY",106940,44.9281049,-74.891865
"Mayfield, KY",36461,36.7417235,-88.6367154
"McAlester, OK",43479,34.9334298,-95.76971309999999
"McComb, MS",53257,31.2437872,-90.4531535
"McMinnville, TN",42638,35.6865889,-85.7801453
"McPherson, KS",30091,38.3708415,-97.66420869999999
"Meadville, PA",82001,41.6414438,-80.15144839999999
"Menomonie, WI",45794,44.8755183,-91.9193422
"Meridian, MS",85755,32.3643098,-88.703656
"Mexico, MO",24394,39.1730652,-91.887271
"Miami, OK",30287,36.8745146,-94.8774554
"Middlesborough, KY",23317,36.6072567,-83.7142848
"Milledgeville, GA",43396,33.0801429,-83.2320991
"Minden, LA",35238,32.6154278,-93.2868354
"Mineral Wells, TX",29747,32.8084605,-98.1128223
"Mitchell, SD",25792,43.7094283,-98.0297992
"Moberly, MO",24109,39.4183689,-92.43823669999999
"Monticello, IN",24917,40.7453169,-86.7647343
"Monticello, NY",79920,41.6556465,-74.68932819999999
"Montrose, CO",44156,38.4783198,-107.8761738
"Morehead City, NC",69615,34.7229391,-76.7260436
"Morgan City, LA",47055,29.6993748,-91.20676999999999
"Moses Lake, WA",102678,47.1301417,-119.2780771
"Moultrie, GA",46167,31.1799407,-83.7888387
"Mountain Home, AR",42875,36.3400904,-92.385217
"Mountain Home, ID",29724,43.1329504,-115.6911975
"Mount Airy, NC",71462,36.4999641,-80.6053793
"Mount Pleasant, MI",64118,43.59780749999999,-84.7675139
"Mount Pleasant, TX",56423,33.1567863,-94.96826899999999
"Mount Sterling, KY",47788,38.0564679,-83.9432556
"Mount Vernon, IL",36320,38.3172714,-88.9031201
"Mount Vernon, OH",63320,40.3932283,-82.48543599999999
"Murray, KY",38280,36.6103334,-88.31476099999999
"Murrells Inlet, SC",65731,33.5510021,-79.0414261
"Muscatine, IA",42218,41.424473,-91.0432051
"Muskogee, OK",66677,35.7478769,-95.3696909
"Nacogdoches, TX",65375,31.6039455,-94.65600400000001
"Nantucket, MA",14444,41.28394,-70.0999891
"Natchez, MS-LA",53375,31.5604442,-91.40317100000001
"Natchitoches, LA",36291,31.7607195,-93.08627489999999
"New Bern, NC",124215,35.108493,-77.04411429999999
"Newberry, SC",38825,34.2745833,-81.6187178
"New Castle, IN",48929,39.928935,-85.3702476
"New Iberia, LA",67659,30.0035365,-91.81872849999999
"New Philadelphia-Dover, OH",91874,40.4897871,-81.4456706
"Newport, OR",50821,44.6367836,-124.0534505
"Newport, TN",37404,35.9670412,-83.1876578
"New Ulm, MN",25628,44.3144394,-94.45930179999999
"Norfolk, NE",48782,42.0327168,-97.41681709999999
"North Platte, NE",34020,41.1402759,-100.7601454
"North Wilkesboro, NC",66013,36.1584651,-81.1475841
"Norwalk, OH",58199,41.24255309999999,-82.6157331
"Oak Harbor, WA",86267,48.28829469999999,-122.6484205
"Ocean Pines, MD",54171,38.395392,-75.15574149999999
"Oil City, PA",49431,41.4339484,-79.7064413
"Okeechobee, FL",41427,27.2439349,-80.82978279999999
"Olean, NY",75600,42.083639,-78.42992699999999
"Oneonta, NY",60126,42.4528571,-75.0637746
"Ontario, OR-ID",59323,44.0265525,-116.9629378
"Opelousas, LA",81464,30.5335302,-92.081509
"Orangeburg, SC",82820,33.4918203,-80.8556476
"Oskaloosa, IA",21874,41.2916728,-92.6493595
"Othello, WA",20820,46.8259742,-119.1752913
"Ottawa, IL",146599,41.3455892,-88.8425769
"Ottawa, KS",26125,38.615768,-95.2686366
"Ottumwa, IA",35166,41.01602930000001,-92.40830220000001
"Owatonna, MN",37421,44.0879297,-93.2260184
"Owosso, MI",68025,42.9978049,-84.1766358
"Oxford, MS",70853,34.3659868,-89.5188246
"Ozark, AL",49871,31.459017,-85.640289
"Pahrump, NV",55720,36.2082943,-115.9839147
"Palatka, FL",75955,29.6485801,-81.6375819
"Palestine, TX",57736,31.7621153,-95.6307891
"Pampa, TX",21756,35.5333545,-100.9718861
"Paragould, AR",46743,36.0525622,-90.48867969999999
"Paris, TN",32554,36.3020023,-88.32671069999999
"Paris, TX",62805,33.6609389,-95.55551299999999
"Payson, AZ",54003,34.2308684,-111.3251355
"Pella, IA",33770,41.4080327,-92.91640500000001
"Peru, IN",35402,40.7536528,-86.0688811
"Petoskey, MI",34123,45.3733428,-84.9553296
"Picayune, MS",57978,30.5292629,-89.6855013
"Pierre, SD",20667,44.36678759999999,-100.3537522
"Pikeville, KY",90396,37.4792672,-82.5187629
"Pine Bluff, AR",71039,34.224908,-92.0033977
"Pittsburg, KS",38764,37.410884,-94.70496
"Plainview, TX",36851,34.1847936,-101.7068417
"Platteville, WI",51409,42.73416,-90.4784621
"Plattsburgh, NY",78115,44.6994873,-73.4529124
"Plymouth, IN",46352,41.3436554,-86.3097278
"Ponca City, OK",43641,36.706981,-97.0855948
"Pontiac, IL",35320,40.8808666,-88.62978389999999
"Poplar Bluff, MO",41948,36.7569994,-90.392888
"Port Angeles, WA",77616,48.118146,-123.4307413
"Port Lavaca, TX",19696,28.6149968,-96.6260892
"Portsmouth, OH",71969,38.7317431,-82.9976742
"Port Townsend, WA",33714,48.11703869999999,-122.7604472
"Pottsville, PA",143786,40.6856456,-76.195499
"Price, UT",20609,39.5994095,-110.8107148
"Pullman, WA",89313,46.7297771,-117.1817377
"Putnam, CT",96692,41.90460119999999,-71.8689917
"Quincy, IL-MO",74259,39.9356016,-91.4098726
"Raymondville, TX",20037,26.4814565,-97.783051
"Red Bluff, CA",64896,40.1784886,-122.2358302
"Red Wing, MN",48035,44.5660691,-92.5369563
"Rexburg, ID",68743,43.8231096,-111.7924237
"Rice Lake, WI",46833,45.5060682,-91.738225
"Richmond, IN",66127,39.8289369,-84.8902382
"Richmond-Berea, KY",126861,37.7478572,-84.2946539
"Rifle, CO",79347,39.5347023,-107.7831198
"Rio Grande City-Roma, TX",65934,26.3797874,-98.8203046
"Riverton, WY",39815,43.024673,-108.3806054
"Roanoke Rapids, NC",64013,36.4615395,-77.6541464
"Rochelle, IL",51265,41.9239178,-89.0687073
"Rockingham, NC",42324,34.9393201,-79.7739457
"Rock Springs, WY",41249,41.58746439999999,-109.2029043
"Rolla, MO",45284,37.948544,-91.7715303
"Roseburg, OR",112435,43.216505,-123.3417381
"Roswell, NM",63561,33.3942655,-104.5230242
"Ruidoso, NM",20029,33.3338601,-105.6813321
"Russellville, AL",31802,34.5078726,-87.7286431
"Russellville, AR",84637,35.278116,-93.13370069999999
"Ruston, LA",47962,32.5232053,-92.63792699999999
"Rutland, VT",60271,43.6106237,-72.9726065
"Safford, AZ",39525,32.8339546,-109.70758
"St Marys, PA",30198,41.42737380000001,-78.5609398
"Salem, OH",100182,40.9008923,-80.8567501
"Salina, KS",58916,38.8402805,-97.61142369999999
"Sandpoint, ID",52547,48.276577,-116.553465
"Sanford, NC",67059,35.4798757,-79.1802994
"Sayre, PA",59695,41.9789631,-76.51549899999999
"Scottsbluff, NE",36373,41.8666341,-103.6671662
"Scottsboro, AL",53467,34.6723069,-86.03414629999999
"Seaford, DE",263509,38.6412256,-75.6110381
"Searcy, AR",78452,35.2437536,-91.7364422
"Sedalia, MO",43530,38.7044609,-93.2282613
"Selma, AL",36165,32.4073589,-87.02110069999999
"Seneca, SC",81221,34.6856555,-82.9532036
"Seneca Falls, NY",32349,42.9187636,-76.79135579999999
"Sevierville, TN",99415,35.8681455,-83.56183500000002
"Seymour, IN",46460,38.9592201,-85.8902547
"Shawano, WI",45335,44.7822064,-88.60899169999999
"Shawnee, OK",73791,35.3272928,-96.9253004
"Shelby-Kings Mountain, NC",101378,35.2923513,-81.5356463
"Shelbyville, TN",53055,35.483406,-86.46027169999999
"Shelton, WA",68389,47.2150945,-123.1007066
"Sheridan, WY",32519,44.7971939,-106.9561791
"Show Low, AZ",109175,34.2542084,-110.0298327
"Sidney, OH",47765,40.2842164,-84.1554987
"Sikeston, MO",49711,36.876719,-89.5878579
"Silver City, NM",27472,32.770075,-108.280326
"Snyder, TX",16212,32.7178862,-100.9176184
"Somerset, KY",66191,37.0920222,-84.6041084
"Somerset, PA",72197,40.008411,-79.0780831
"Sonora, CA",54204,37.9829496,-120.3821724
"Sparta, WI",46151,43.9441328,-90.8129118
"Spearfish, SD",28053,44.4908172,-103.8593698
"Spencer, IA",16511,43.1456986,-95.1450794
"Spirit Lake, IA",18056,43.4226192,-95.1022313
"Starkville, MS",61191,33.4503998,-88.81838719999999
"Statesboro, GA",95081,32.4487876,-81.7831674
"Steamboat Springs, CO",38391,40.4849769,-106.8317158
"Stephenville, TX",44195,32.2206958,-98.2022633
"Sterling, CO",20619,40.6255415,-103.207709
"Sterling, IL",54498,41.788642,-89.69621939999999
"Stevens Point-Plover, WI",71024,44.52357920000001,-89.574563
"Stillwater, OK",83352,36.1156071,-97.0583681
"Storm Lake, IA",20567,42.6430359,-95.2019399
"Sturgis, MI",60878,41.799217,-85.41914820000001
"Sulphur Springs, TX",38172,33.1384479,-95.6010668
"Summerville, GA",25222,34.480642,-85.3477343
"Sunbury, PA",189739,40.862585,-76.79441039999999
"Susanville, CA",28861,40.4162842,-120.6530063
"Sweetwater, TX",14306,32.4709519,-100.4059384
"Tahlequah, OK",48185,35.91537,-94.969956
"Talladega-Sylacauga, AL",91400,33.4359416,-86.1058048
"Taos, NM",34405,36.4072134,-105.5733788
"Taylorville, IL",33228,39.548935,-89.294533
"The Dalles, OR",26333,45.6017716,-121.1848433
"Thomaston, GA",28263,32.8881879,-84.3265854
"Thomasville, GA",71715,30.8365815,-83.9787808
"Tiffin, OH",54527,41.1144992,-83.1779746
"Tifton, GA",50463,31.4504629,-83.5084973
"Toccoa, GA",27228,34.5773206,-83.3323851
"Torrington, CT",113463,41.8003049,-73.1211715
"Town of Pecos, TX",11770,31.4229124,-103.4932293
"Troy, AL",33137,31.8087678,-85.969951
"Truckee-Grass Valley, CA",102037,39.327962,-120.1832533
"Tullahoma-Manchester, TN",67381,35.3620235,-86.20943419999999
"Tupelo, MS",132027,34.2576066,-88.7033859
"Ukiah, CA",89108,39.1501709,-123.2077831
"Union City, TN",30411,36.4242303,-89.0570096
"Urbana, OH",38845,40.1083912,-83.7524298
"Uvalde, TX",24960,29.20968359999999,-99.7861679
"Van Wert, OH",28704,40.8694927,-84.58412229999999
"Vermillion, SD",15431,42.7794417,-96.9292104
"Vernal, UT",37747,40.4555157,-109.5287479
"Vernon, TX",12522,34.1545306,-99.2650804
"Vicksburg, MS",42298,32.3526456,-90.877882
"Vidalia, GA",35801,32.2176855,-82.4134614
"Vincennes, IN",36070,38.677269,-87.5286325
"Vineyard Haven, MA",20819,41.4542786,-70.6036395
"Wabash, IN",30670,40.797821,-85.8205411
"Wahpeton, ND-MN",22864,46.2652367,-96.60590719999999
"Wapakoneta, OH",46050,40.5678265,-84.1935594
"Warren, PA",37572,41.8439486,-79.1450445
"Warrensburg, MO",54962,38.7627893,-93.73604979999999
"Warsaw, IN",80364,41.2381,-85.8530469
"Washington, IN",33656,38.65921520000001,-87.172789
"Washington, NC",44481,35.54655169999999,-77.0521742
"Washington Court House, OH",28817,39.5373688,-83.437579
"Watertown, SD",28971,44.8994088,-97.1150732
"Watertown-Fort Atkinson, WI",85743,43.1947211,-88.7289918
"Waycross, GA",56668,31.2135511,-82.3540178
"Waynesville, NC",62969,35.4887145,-82.98874769999999
"Weatherford, OK",39002,35.5261633,-98.7075744
"West Plains, MO",40735,36.7281154,-91.8523711
"Whitewater-Elkhorn, WI",105822,42.83362049999999,-88.7323272
"Williston, ND",39113,48.1469683,-103.6179745
"Willmar, MN",43813,45.1223711,-95.048659
"Wilmington, OH",41938,39.4453393,-83.8285375
"Wilson, NC",78970,35.7258286,-77.91112369999999
"Winchester, TN",44654,35.1859163,-86.11220709999999
"Winnemucca, NV",17136,40.9728274,-117.7357354
"Winona, MN",49721,44.0553908,-91.6663523
"Wisconsin Rapids-Marshfield, WI",73939,44.38357630000001,-89.8173465
"Woodward, OK",19947,36.4336481,-99.3903862
"Wooster, OH",116510,40.798237,-81.9399145
"Worthington, MN",21727,43.6210985,-95.59414360000001
"Yankton, SD",23517,42.87110879999999,-97.39728129999999
"Zanesville, OH",86305,39.9403453,-82.0131924
"Zapata, TX",13736,26.9072605,-99.27142549999999
"Andalusia, Alabama",8840,31.3085039,-86.48329129999999
"Atmore, Alabama",8315,31.0237921,-87.4938708
"Brewton, Alabama",5167,31.1051779,-87.0721918
"Calera, Alabama",33650,33.1028965,-86.7535975
"Centreville, Alabama",5360,32.9445682,-87.1386067
"Citronelle, Alabama",3910,31.0907338,-88.2280622
"Clanton, Alabama",9123,32.8387371,-86.6294262
"Demopolis, Alabama",6833,32.5176361,-87.83640199999999
"Eutaw, Alabama",2761,32.8406848,-87.8875145
"Evergreen, Alabama",3359,31.4341907,-86.9545924
"Fayette, Alabama",4128,33.6845539,-87.8308522
"Greenville, Alabama",7030,31.8295972,-86.6177517
"Gulf Shores, Alabama",25384,30.2460361,-87.70081929999999
"Hamilton, Alabama",6952,34.1423235,-87.98864379999999
"Jackson, Alabama",4525,31.5090521,-87.8944435
"Jasper, Alabama",14448,33.8312185,-87.2775053
"Lake View, Alabama",3794,33.2806703,-87.13749589999999
"Livingston, Alabama",3152,32.5843025,-88.1872475
"Monroeville, Alabama",5734,31.5279399,-87.32470769999999
"Oneonta, Alabama",6995,33.9481537,-86.472764
"Thomasville, Alabama",3583,31.9134859,-87.7358366
"Union Springs, Alabama",3154,32.144316,-85.7149495
"Winfield, Alabama",4869,33.928993,-87.8172457
"Bethel, Alaska",6292,60.79425899999999,-161.7694402
"Homer, Alaska",6040,59.64808550000001,-151.5299245
"Kenai, Alaska",12323,60.55491139999999,-151.2597037
"Kodiak, Alaska",5354,57.79000000000001,-152.4072222
"Kotzebue, Alaska",2979,66.8969151,-162.5930667
"Nome, Alaska",3639,64.50059089999999,-165.4086406
"Palmer, Alaska",6378,61.599415,-149.1146333
"Seward, Alaska",2735,60.1047739,-149.4421037
"Sitka and borough, Alaska",8282,57.05321929999999,-135.3345513
"Unalaska, Alaska",4214,53.8725737,-166.5375512
"Utqiagvik, Alaska",4694,71.29055559999999,-156.7886111
"Valdez, Alaska",3805,61.1308812,-146.3498607
"Wasilla, Alaska",9945,61.58087629999999,-149.4410597
"Apache Junction, Arizona",41153,33.414911,-111.5500532
"Benson, Arizona",5337,31.9678611,-110.2945174
"Buckeye, Arizona",108909,33.3703197,-112.5837766
"Bullhead City, Arizona",43302,35.1359386,-114.5285981
"Camp Verde, Arizona",12489,34.5636358,-111.8543178
"Casa Grande, Arizona",63743,32.9110027,-111.7733902
"Cave Creek, Arizona",8794,33.8321183,-111.9474944
"Clifton, Arizona",3780,33.0508966,-109.2961826
"Colorado City, Arizona",2734,36.9902621,-112.9757702
"Douglas, Arizona",15638,31.3445471,-109.5453447
"Eagar, Arizona",4437,34.1111581,-109.291475
"Eloy, Arizona",18528,32.7558962,-111.554844
"Florence, Arizona",42584,33.0314508,-111.3873431
"Globe, Arizona",7179,33.3942223,-110.7864984
"Holbrook, Arizona",4833,34.9022482,-110.1581768
"Kingman, Arizona",35334,35.189443,-114.0530065
"Maricopa, Arizona",71022,33.0581063,-112.0476423
"Page, Arizona",7320,36.91472220000001,-111.4558333
"Queen Creek, Arizona",76570,33.2485715,-111.6377055
"St. Johns, Arizona",3362,34.5058698,-109.3609327
"Superior, Arizona",2571,33.293945,-111.0962305
"Wellton, Arizona",2572,32.6728256,-114.1468821
"Wickenburg, Arizona",8123,33.9697664,-112.7301882
"Willcox, Arizona",3202,32.2528519,-109.8320124
"Williams, Arizona",3463,35.24945659999999,-112.1910031
"Winslow, Arizona",8517,35.0241873,-110.6973571
"Bella Vista, Arkansas",68038,36.475798,-94.2475489
"Berryville, Arkansas",8914,36.3649739,-93.5675395
"Booneville, Arkansas",3820,35.1402167,-93.92183089999999
"Cherokee Village, Arkansas",4936,36.3077857,-91.5283594
"Clinton, Arkansas",2524,35.5932322,-92.4596171
"Conway, Arkansas",69580,35.0917506,-92.4366522
"Corning, Arkansas",3118,36.4113168,-90.5864418
"Crossett, Arkansas",4578,33.1240976,-91.9611917
"De Queen, Arkansas",6019,34.0367834,-94.341456
"DeWitt, Arkansas",2893,34.293215,-91.3351283
"Dumas, Arkansas",3662,33.8834161,-91.4835196
"Fordyce, Arkansas",3225,33.8137295,-92.41297460000001
"Gravette, Arkansas",3750,36.4222948,-94.4518839
"Greenbrier, Arkansas",6170,35.2340491,-92.38789729999999
"Hope, Arkansas",8558,33.66846719999999,-93.5971381
"Horseshoe Bend, Arkansas",2543,36.2186646,-91.7589607
"Mena, Arkansas",5618,34.5842244,-94.2363689
"Monticello, Arkansas",8175,33.6296702,-91.8021856
"Mountain View, Arkansas",2931,35.8685847,-92.1177613
"Nashville, Arkansas",4043,33.9482519,-93.8470509
"Ozark, Arkansas",3590,35.4869588,-93.8272262
"Paris, Arkansas",3302,35.29212,-93.7299209
"Pocahontas, Arkansas",7601,36.2632561,-90.9716953
"Prescott, Arkansas",3011,33.8024897,-93.3809833
"Stuttgart, Arkansas",7788,34.4940567,-91.55809529999999
"Waldron, Arkansas",3361,34.8964186,-94.0909925
"Warren, Arkansas",5211,33.6099007,-92.0715853
"Aliso Viejo, California",869960,33.5684605,-117.7262981
"Alturas, California",2657,41.4871146,-120.5424555
"Antioch, California",314540,38.0049214,-121.805789
"Auburn, California",20437,38.8965654,-121.0768901
"Avalon, California",3261,33.3428193,-118.3282279
"Avenal, California",14075,36.0041223,-120.1290272
"Banning, California",31680,33.9255713,-116.8764103
"Barstow, California",24964,34.8957957,-117.0172826
"Big Bear Lake, California",5007,34.2438963,-116.9114215
"Blythe, California",18045,33.6177725,-114.5882607
"California City, California",13802,35.125801,-117.9859038
"Carlsbad, California",442700,33.1580933,-117.3505939
"Cathedral City, California",172182,33.7805388,-116.4668036
"Coalinga, California",17369,36.139678,-120.3601496
"Delano, California",65549,35.7688425,-119.2470536
"Desert Hot Springs, California",33438,33.9615186,-116.5013793
"Escondido, California",242310,33.1192068,-117.086421
"Fort Bragg, California",6919,39.445723,-123.8052935
"Grass Valley, California",17298,39.2190608,-121.0610606
"Greenfield, California",58498,36.3207998,-121.2438138
"Gustine, California",6099,37.2577171,-120.9988154
"Hemet, California",147808,33.7475203,-116.9719684
"Huntington Beach, California",300483,33.6594835,-117.9988026
"Huron, California",6377,36.2027308,-120.1029177
"Indio, California",175728,33.7205771,-116.2155619
"Ione, California",13281,38.3526912,-120.9327177
"Lancaster, California",327640,34.703947,-118.1481016
"Los Banos, California",48553,37.0582786,-120.8499151
"Mammoth Lakes, California",7187,37.648546,-118.972079
"Mendota, California",21077,36.7535611,-120.3815574
"Mount Shasta, California",5753,41.3098746,-122.3105666
"Murrieta, California",222560,33.5539143,-117.2139232
"Needles, California",4824,34.8480597,-114.6141315
"Placerville, California",10656,38.7296252,-120.798546
"Ridgecrest, California",28088,35.6224561,-117.6708966
"Rio Vista, California",10145,38.1557502,-121.6913439
"San Clemente, California",62313,33.4273521,-117.6126004
"San Ramon, California",154057,37.7643595,-121.9539616
"Santa Barbara, California",119164,34.4208305,-119.6981901
"Santa Clarita, California",224028,34.3916641,-118.542586
"Solvang, California",10960,34.5958201,-120.1376481
"Taft, California",6961,35.1424671,-119.4565078
"Tehachapi, California",10881,35.1321877,-118.4489739
"Twentynine Palms, California",28734,34.1355582,-116.0541689
"Victorville, California",352725,34.5362184,-117.2927641
"Yreka, California",7808,41.7354186,-122.6344708
"Yucca Valley, California",21664,34.1141743,-116.432235
"Aspen, Colorado",9623,39.1910983,-106.8175387
"Bennett, Colorado",3549,39.7588736,-104.4274609
"Buena Vista, Colorado",3080,38.8422178,-106.1311288
"Burlington, Colorado",3128,39.3061082,-102.2693563
"Carbondale, Colorado",10713,39.4022054,-107.2111628
"Castle Rock, Colorado",81415,39.3722121,-104.8560902
"Cortez, Colorado",9033,37.3488827,-108.5859265
"Craig, Colorado",9049,40.5152491,-107.5464541
"Estes Park, Colorado",5824,40.3772059,-105.5216651
"Gunnison, Colorado",6815,38.5458246,-106.9253207
"La Junta, Colorado",7033,37.9850091,-103.5438321
"Lamar, Colorado",7525,38.0872307,-102.6207496
"Rocky Ford, Colorado",3819,38.052508,-103.7202274
"Salida, Colorado",5900,38.5347193,-105.9989022
"Telluride, Colorado",2525,37.9374939,-107.8122852
"Trinidad, Colorado",8216,37.1694632,-104.5005407
"Walsenburg, Colorado",3085,37.6227357,-104.780403
"Yuma, Colorado",3401,40.1222084,-102.7252096
"Lewes, Delaware",3604,38.7745565,-75.13934979999999
"Newark, Delaware",69229,39.6837226,-75.74965720000002
"Boca Raton, Florida",537419,26.3683064,-80.1289321
"Boynton Beach, Florida",214299,26.5317866,-80.0905465
"Bradenton, Florida",81168,27.4989278,-82.5748194
"Chipley, Florida",6543,30.7818584,-85.538541
"Cocoa, Florida",60771,28.3861159,-80.7419984
"Coral Springs, Florida",458879,26.271192,-80.2706044
"Dade City, Florida",11274,28.3647248,-82.1959178
"Daytona Beach, Florida",228228,29.2108147,-81.0228331
"DeFuniak Springs, Florida",6764,30.7210227,-86.11521839999999
"Destin, Florida",19217,30.3935337,-86.4957833
"Fort Lauderdale, Florida",344268,26.1224386,-80.13731740000001
"Freeport, Florida",6778,30.4982516,-86.1360517
"Homestead, Florida",94241,25.4687224,-80.4775569
"Islamorada, Florida",6988,24.9242943,-80.62783639999999
"Jasper, Florida",2762,30.5182727,-82.94819
"Jupiter, Florida",157099,26.9342246,-80.0942087
"LaBelle, Florida",5222,26.7617322,-81.4384092
"Macclenny, Florida",8027,30.2821807,-82.12205689999999
"Madison, Florida",3003,30.4693772,-83.41292539999999
"Marathon, Florida",9849,24.726026,-81.0446262
"Marianna, Florida",7294,30.7743596,-85.2268735
"New Port Richey, Florida",21193,28.2441768,-82.7192671
"Palm Coast, Florida",111533,29.5844524,-81.20786989999999
"Perry, Florida",7281,30.1115662,-83.58210629999999
"Port St. Joe, Florida",3775,29.8118757,-85.30297399999999
"St. Augustine, Florida",22375,29.8921835,-81.3139313
"Sarasota, Florida",57602,27.336465,-82.5310117
"Titusville, Florida",49680,28.6122187,-80.8075537
"Wellington, Florida",110574,26.6617635,-80.2683571
"West Palm Beach, Florida",172051,26.7153424,-80.0533746
"Acworth, Georgia",22379,34.0659329,-84.6768796
"Baxley, Georgia",4945,31.7782514,-82.3484618
"Blakely, Georgia",5218,31.3776754,-84.93409199999999
"Canton, Georgia",97909,34.2367621,-84.4907621
"Carrollton, Georgia",27793,33.5801103,-85.0766113
"Chattahoochee Hills, Georgia",3361,33.5479728,-84.76306819999999
"Covington, Georgia",20007,33.5967815,-83.8601827
"Eastman, Georgia",5568,32.1976729,-83.1776514
"Elberton, Georgia",4778,34.1112226,-82.8670839
"Greensboro, Georgia",3605,33.5756831,-83.18237890000002
"Hazlehurst, Georgia",4071,31.8696309,-82.59430259999999
"Jasper, Georgia",4970,34.4695524,-84.4289888
"Lawrenceville, Georgia",74573,33.9562149,-83.9879625
"Locust Grove, Georgia",17053,33.3459495,-84.109083
"McRae-Helena, Georgia",4759,32.0679541,-82.9006993
"Madison, Georgia",4964,33.5956813,-83.467944
"Millen, Georgia",2960,32.8040512,-81.9492812
"Monticello, Georgia",2833,33.3048479,-83.6832289
"Newnan, Georgia",44940,33.3806716,-84.79965729999999
"Peachtree City, Georgia",46122,33.3968557,-84.59634319999999
"Sandersville, Georgia",5536,32.9815431,-82.810138
"Swainsboro, Georgia",7611,32.5973856,-82.33373759999999
"Thomson, Georgia",6860,33.4706927,-82.50457329999999
"Washington, Georgia",3634,33.7367948,-82.7393089
"Waynesboro, Georgia",5607,33.0898731,-82.0156736
"Bonners Ferry, Idaho",2697,48.6913257,-116.3163092
"Gooding, Idaho",3802,42.9387917,-114.7131081
"Grangeville, Idaho",3617,45.9257777,-116.1199559
"Homedale, Idaho",3144,43.6176584,-116.9337599
"McCall, Idaho",4066,44.906183,-116.1171311
"Montpelier, Idaho",2715,42.3221498,-111.2977044
"Orofino, Idaho",3313,46.479347,-116.2551395
"Salmon, Idaho",3295,45.1757547,-113.8959008
"Soda Springs, Idaho",3171,42.6543652,-111.6046687
"Algonquin, Illinois",374887,42.1655801,-88.29424929999999
"Aurora, Illinois",477460,41.7605849,-88.32007150000001
"Bartlett, Illinois",169873,41.9950276,-88.1856301
"Bolingbrook, Illinois",309635,41.69864159999999,-88.0683955
"Campton Hills, Illinois",17354,41.9582863,-88.4113034
"Carlinville, Illinois",5531,39.27976990000001,-89.8817662
"Carmi, Illinois",4688,38.0908796,-88.1586488
"Channahon, Illinois",45386,41.4294753,-88.2286735
"Chester, Illinois",6732,37.9136628,-89.82205049999999
"Crete, Illinois",83566,41.4444791,-87.6314312
"Eldorado, Illinois",3607,37.8136583,-88.43810289999999
"Fairfield, Illinois",4738,38.378937,-88.3597683
"Flora, Illinois",4711,38.6689364,-88.4856042
"Frankfort, Illinois",118316,41.4958665,-87.84866129999999
"Gibson City, Illinois",3396,40.46531179999999,-88.37588749999999
"Greenville, Illinois",6979,38.8922687,-89.41313559999999
"Hampshire, Illinois",8086,42.0978027,-88.53036430000002
"Harvard, Illinois",12159,42.422241,-88.61371009999999
"Highland, Illinois",9961,38.7394918,-89.6712008
"Jerseyville, Illinois",8263,39.1200471,-90.3284479
"Joliet, Illinois",170607,41.525031,-88.0817251
"Kewanee, Illinois",12222,41.2455927,-89.9248303
"Litchfield, Illinois",15499,39.1753256,-89.65425789999999
"McHenry, Illinois",95416,42.333355,-88.2667534
"McLeansboro, Illinois",2610,38.0933811,-88.53560759999999
"Olney, Illinois",8512,38.7308811,-88.0853154
"Pittsfield, Illinois",4072,39.6078254,-90.8051289
"Princeton, Illinois",7700,41.3680919,-89.4648145
"Red Bud, Illinois",3750,38.2117172,-89.9942741
"Robinson, Illinois",7010,39.0053201,-87.7391935
"Sparta, Illinois",4024,38.1231053,-89.70176579999999
"Staunton, Illinois",4951,39.0122684,-89.7912063
"Vandalia, Illinois",7358,38.9606009,-89.0936778
"Yorkville, Illinois",44581,41.6411409,-88.44729480000001
"Cicero, Indiana",5630,40.1239257,-86.01331809999999
"Crown Point, Indiana",119923,41.4169806,-87.3653135
"DeMotte, Indiana",8009,41.1937181,-87.1986416
"Linton, Indiana",5194,39.0347666,-87.1658458
"Salem, Indiana",6437,38.6056131,-86.101089
"Sullivan, Indiana",4223,39.0953199,-87.4058525
"Algona, Iowa",5342,43.0699663,-94.233019
"Atlantic, Iowa",6781,41.4036007,-95.0138776
"Centerville, Iowa",5344,40.7290565,-92.8738196
"Chariton, Iowa",4280,41.0199996,-93.31409850000001
"Charles City, Iowa",7228,43.0663612,-92.6724112
"Clarinda, Iowa",5305,40.7419352,-95.038313
"Clarion, Iowa",2745,42.7316387,-93.732992
"Cresco, Iowa",3897,43.3813568,-92.1140547
"Creston, Iowa",7392,41.0586002,-94.3613474
"Decorah, Iowa",7578,43.30330559999999,-91.7857092
"Denison, Iowa",8114,42.024988,-95.3588867
"Hampton, Iowa",4272,42.7425009,-93.21034019999999
"Harlan, Iowa",4891,41.653044,-95.32555409999999
"Iowa Falls, Iowa",5002,42.51988679999999,-93.26457409999999
"Jefferson, Iowa",4100,42.0172457,-94.3774232
"Manchester, Iowa",5239,42.4857853,-91.4579698
"Maquoketa, Iowa",6051,42.0689088,-90.6656914
"Monticello, Iowa",4056,42.23833510000001,-91.18709369999999
"Mount Pleasant, Iowa",8581,40.9716959,-91.54877139999999
"New Hampton, Iowa",3422,43.0592724,-92.317864
"Oelwein, Iowa",5791,42.6784949,-91.91195859999999
"Onawa, Iowa",2816,42.0266548,-96.0972376
"Osceola, Iowa",5568,41.0342618,-93.766759
"Perry, Iowa",7984,41.8385964,-94.10717969999999
"Red Oak, Iowa",5461,41.0170937,-95.2214477
"Rock Rapids, Iowa",2706,43.4271945,-96.17585980000001
"Rock Valley, Iowa",4045,43.2052594,-96.2950263
"Sheldon, Iowa",5422,43.1812107,-95.8569539
"Shenandoah, Iowa",4884,40.7667389,-95.3761506
"Washington, Iowa",7252,41.30140770000001,-91.69164169999999
"Waukon, Iowa",3777,43.2694208,-91.47569500000002
"Winterset, Iowa",5374,41.3308237,-94.0138393
"Beloit, Kansas",3358,39.45611780000001,-98.10615949999999
"Burlington, Kansas",2593,38.1944667,-95.74276410000002
"Chanute, Kansas",8468,37.6792135,-95.4572034
"Clay Center, Kansas",4094,39.3769407,-97.12474279999999
"Coffeyville, Kansas",8570,37.0373005,-95.6163665
"Colby, Kansas",5589,39.3958369,-101.0523773
"Concordia, Kansas",5004,39.5708354,-97.6625396
"El Dorado, Kansas",12919,37.81724,-96.8622524
"Ellsworth, Kansas",3133,38.7305648,-98.22811259999999
"Fort Scott, Kansas",7565,37.8397626,-94.7082951
"Goodland, Kansas",4403,39.350833,-101.7101722
"Hiawatha, Kansas",3190,39.8525033,-95.53581559999999
"Hillsboro, Kansas",2688,38.3519555,-97.20447229999999
"Holton, Kansas",3382,39.4652724,-95.7363723
"Hugoton, Kansas",3613,37.1753025,-101.3496025
"Independence, Kansas",8315,37.2242358,-95.7083131
"Iola, Kansas",5318,37.9244799,-95.3999814
"Kingman, Kansas",2890,37.6458491,-98.1136734
"Louisburg, Kansas",5170,38.6194564,-94.6807903
"Marysville, Kansas",3405,39.8411129,-96.64724199999999
"Norton, Kansas",2676,39.8338946,-99.89151129999999
"Parsons, Kansas",9362,37.34033840000001,-95.2610838
"Pratt, Kansas",6546,37.6439071,-98.73759109999999
"Russell, Kansas",4400,38.8952893,-98.8598061
"Scott City, Kansas",3931,38.4825192,-100.9070949
"Ulysses, Kansas",5616,37.5814095,-101.3551696
"Beaver Dam, Kentucky",6145,37.4019918,-86.8758256
"Brandenburg, Kentucky",2944,38.0010277,-86.1721474
"Cadiz, Kentucky",2713,36.8650496,-87.835295
"Cynthiana, Kentucky",6534,38.3903526,-84.2941013
"Flemingsburg, Kentucky",2988,38.4222995,-83.73380759999999
"Grayson, Kentucky",3807,38.3325812,-82.9485023
"Hazard, Kentucky",4964,37.24954,-83.1932284
"Leitchfield, Kentucky",6463,37.4801538,-86.29407049999999
"Marion, Kentucky",2894,37.3328286,-88.0811349
"Maysville, Kentucky",8687,38.6411854,-83.744365
"Morehead, Kentucky",6740,38.1839705,-83.4326841
"Paintsville, Kentucky",4160,37.8145384,-82.8071054
"Princeton, Kentucky",6194,37.1092162,-87.8819594
"West Liberty, Kentucky",3450,37.9214758,-83.2596216
"Williamstown, Kentucky",3964,38.6381245,-84.5604977
"Bunkie, Louisiana",3205,30.9532472,-92.1826258
"Delhi, Louisiana",2550,32.4576421,-91.49317359999999
"Donaldsonville, Louisiana",6860,30.1010323,-90.9928773
"Jackson, Louisiana",3950,30.8374036,-91.2176087
"Jena, Louisiana",4151,31.6832271,-92.1337448
"Jennings, Louisiana",15226,30.22242839999999,-92.657085
"Lake Providence, Louisiana",3194,32.8042966,-91.170109
"Lutcher, Louisiana",5665,30.0404796,-90.6989797
"Mansfield, Louisiana",4575,32.0376629,-93.70018189999999
"Marksville, Louisiana",4835,31.1279652,-92.0662356
"Oakdale, Louisiana",6437,30.8167525,-92.658557
"Vivian, Louisiana",2942,32.8715278,-93.9874032
"Winnfield, Louisiana",3927,31.9254413,-92.6395931
"Winnsboro, Louisiana",4665,32.1632079,-91.720681
"Belfast, Maine",7069,44.4259092,-69.0064234
"Caribou, Maine",7431,46.8639995,-67.9980365
"Presque Isle, Maine",8677,46.68115299999999,-68.0158615
"Rockland, Maine",7031,44.1036914,-69.1089293
"Sanford, Maine",22251,43.4391627,-70.7742804
"Aberdeen, Maryland",37518,39.5095556,-76.16411970000001
"Chesapeake Beach, Maryland",6492,38.6947907,-76.53365389999999
"Chestertown, Maryland",5590,39.21886629999999,-76.0690036
"Hampstead, Maryland",11922,39.6048253,-76.8499774
"La Plata, Maryland",10878,38.5292877,-76.97525139999999
"Mount Airy, Maryland",9889,39.3762145,-77.154704
"North East, Maryland",6936,39.6001132,-75.94133269999999
"Bridgewater Town, Massachusetts",28818,41.9903519,-70.9750541
"Gloucester, Massachusetts",29959,42.6159285,-70.6619888
"Newburyport, Massachusetts",36034,42.8125913,-70.87727509999999
"Algonac, Michigan",8142,42.6183675,-82.531018
"Auburn Hills, Michigan",73197,42.6875323,-83.2341028
"Bad Axe, Michigan",2977,43.8019592,-83.00077739999999
"Caro, Michigan",4272,43.4911322,-83.396897
"Cheboygan, Michigan",4847,45.64695630000001,-84.4744795
"East Tawas, Michigan",2680,44.2794611,-83.49025189999999
"Gaylord, Michigan",4374,45.0275126,-84.6747523
"Gladwin, Michigan",3117,43.9808549,-84.48640069999999
"Greenville, Michigan",8989,43.1775314,-85.2527987
"Imlay City, Michigan",6591,43.0247496,-83.07771530000001
"Ionia, Michigan",12249,42.9872547,-85.07111739999999
"Iron River, Michigan",3032,46.0927322,-88.6423544
"Ironwood, Michigan",4957,46.4546698,-90.1710081
"Manistique, Michigan",2860,45.9577506,-86.2462523
"New Baltimore, Michigan",24480,42.6811436,-82.7368616
"Rogers City, Michigan",2909,45.4214024,-83.8183303
"Romeo, Michigan",3731,42.802808,-83.0129874
"Sandusky, Michigan",2685,43.4202989,-82.8296572
"South Haven, Michigan",4001,42.4030865,-86.2736407
"Albertville, Minnesota",134806,45.2312337,-93.6687657
"Belle Plaine, Minnesota",14168,44.6230409,-93.76840419999999
"Benson, Minnesota",3437,45.3149603,-95.6000349
"Buffalo, Minnesota",32323,45.1717846,-93.8747929
"Cambridge, Minnesota",17879,45.5656755,-93.2258999
"Chisago City, Minnesota",25638,45.3735757,-92.8899376
"Ely, Minnesota",3223,47.9032372,-91.8670873
"Granite Falls, Minnesota",2685,44.8099575,-95.5455752
"Hibbing, Minnesota",20666,47.42715459999999,-92.9376887
"International Falls, Minnesota",5603,48.6023149,-93.4040679
"Little Falls, Minnesota",9095,45.9805556,-94.36944439999999
"Long Prairie, Minnesota",3707,45.9746867,-94.86557750000001
"Luverne, Minnesota",4918,43.6555249,-96.2025289
"Melrose, Minnesota",3611,45.6746873,-94.8075152
"Milaca, Minnesota",3053,45.755799,-93.6544079
"Montevideo, Minnesota",5235,44.9410447,-95.7236136
"Moose Lake, Minnesota",3004,46.4513889,-92.7666667
"Mora, Minnesota",3787,45.8769031,-93.29383519999999
"Morris, Minnesota",5140,45.5919444,-95.9188889
"North Branch, Minnesota",11791,45.5102135,-92.99310539999999
"Park Rapids, Minnesota",4302,46.9221813,-95.05863219999999
"Pine City, Minnesota",7055,45.8229105,-92.9703435
"Pipestone, Minnesota",4103,43.9985815,-96.3128117
"Princeton, Minnesota",5312,45.569965,-93.58162779999999
"Redwood Falls, Minnesota",5059,44.5394039,-95.1169424
"Roseau, Minnesota",2692,48.8460926,-95.762766
"St. Francis, Minnesota",8442,45.3974847,-93.38792199999999
"Staples, Minnesota",3035,46.3557159,-94.794844
"Thief River Falls, Minnesota",8821,48.1191353,-96.18114729999999
"Two Harbors, Minnesota",3531,47.0227111,-91.67073219999999
"Virginia, Minnesota",14579,47.5232596,-92.53657129999999
"Wabasha, Minnesota",2592,44.3754518,-92.0236059
"Waconia, Minnesota",13742,44.8504317,-93.7876429
"Wadena, Minnesota",4331,46.4424614,-95.1361386
"Windom, Minnesota",4797,43.8727352,-95.11138079999999
"Carthage, Mississippi",4821,32.7326356,-89.5361825
"Columbia, Mississippi",5727,31.2524566,-89.83542829999999
"Forest, Mississippi",5279,32.3645888,-89.47423479999999
"Gautier, Mississippi",52493,30.385755,-88.6116854
"Holly Springs, Mississippi",6732,34.76759670000001,-89.44868939999999
"Houston, Mississippi",3713,33.8984461,-88.99922670000001
"Kosciusko, Mississippi",6842,33.0576295,-89.58757639999999
"Leakesville, Mississippi",3767,31.15573729999999,-88.5577993
"Louisville, Mississippi",5913,33.1237377,-89.0550624
"Lucedale, Mississippi",3055,30.9251869,-88.5900235
"Magee, Mississippi",3938,31.8737712,-89.7336852
"Morton, Mississippi",3621,32.3537557,-89.65451709999999
"Newton, Mississippi",3108,32.3212554,-89.16339289999999
"Philadelphia, Mississippi",6921,32.7715227,-89.1167275
"Ripley, Mississippi",5338,34.7298181,-88.9506181
"Senatobia, Mississippi",8287,34.6176032,-89.96870109999999
"Waynesboro, Mississippi",4534,31.674883,-88.6461465
"Wiggins, Mississippi",4259,30.858244,-89.1353283
"Yazoo City, Mississippi",9754,32.8551326,-90.4056468
"Aurora, Missouri",7512,36.970891,-93.717979
"Ava, Missouri",3157,36.951999,-92.6604457
"Bethany, Missouri",2923,40.2683344,-94.0282861
"Bolivar, Missouri",11338,37.6144838,-93.4104749
"Bowling Green, Missouri",4341,39.3419891,-91.1951437
"Brookfield, Missouri",4072,39.7844687,-93.07353479999999
"Butler, Missouri",4257,38.2586347,-94.33050589999999
"Cameron, Missouri",7324,39.7402801,-94.241057
"Cassville, Missouri",3230,36.6789257,-93.86807549999999
"Chillicothe, Missouri",9044,39.7952946,-93.5524358
"Clinton, Missouri",9416,38.3686324,-93.7782689
"Eldon, Missouri",4602,38.34836360000001,-92.58157589999999
"El Dorado Springs, Missouri",3595,37.87697989999999,-94.0213303
"Excelsior Springs, Missouri",13138,39.3391712,-94.22605589999999
"Festus, Missouri",39464,38.2135566,-90.40329659999999
"Harrisonville, Missouri",9852,38.6533445,-94.3488372
"Monett, Missouri",10000,36.9197522,-93.92761030000001
"Mountain Grove, Missouri",4645,37.1306078,-92.2634942
"Mount Vernon, Missouri",4571,37.1036665,-93.81854009999999
"Nevada, Missouri",8262,37.83920519999999,-94.3546719
"O'Fallon, Missouri",177657,38.8106075,-90.69984769999999
"Osage Beach, Missouri",4856,38.1503113,-92.61796210000001
"Owensville, Missouri",2796,38.3456023,-91.5015487
"Pacific, Missouri",7554,38.4819976,-90.7415194
"Perryville, Missouri",8506,37.7242202,-89.8612196
"Pleasant Hill, Missouri",8679,38.7875094,-94.26939109999999
"Richmond, Missouri",10543,39.27862200000001,-93.9768876
"Sullivan, Missouri",6829,38.2081045,-91.16042069999999
"Trenton, Missouri",5622,40.0789018,-93.61660739999999
"Troy, Missouri",18608,38.9794922,-90.9806954
"Union, Missouri",33166,38.4500517,-91.00847619999999
"Versailles, Missouri",2639,38.4314141,-92.8410274
"Warrenton, Missouri",14652,38.8211845,-91.1391977
"Cut Bank, Montana",3017,48.6330395,-112.3261618
"Deer Lodge, Montana",3030,46.3990941,-112.7383721
"Dillon, Montana",4176,45.21663239999999,-112.6389244
"Glasgow, Montana",3180,48.1969637,-106.6367127
"Glendive, Montana",4796,47.106401,-104.7107931
"Hamilton, Montana",5268,46.2471437,-114.1548161
"Hardin, Montana",3709,45.7324778,-107.6120314
"Havre, Montana",9330,48.549999,-109.6840887
"Lewistown, Montana",6149,47.0624732,-109.428238
"Libby, Montana",3169,48.38828609999999,-115.5559988
"Miles City, Montana",8438,46.4083362,-105.8405582
"Polson, Montana",5613,47.69320039999999,-114.1631275
"Red Lodge, Montana",2610,45.1857782,-109.2468211
"Shelby, Montana",3270,48.5066603,-111.8561447
"Sidney, Montana",6112,47.7166836,-104.1563253
"Wolf Point, Montana",2517,48.0905736,-105.6405566
"Alliance, Nebraska",8056,42.0930235,-102.8702006
"Auburn, Nebraska",3507,40.3947236,-95.83221909999999
"Broken Bow, Nebraska",3542,41.401787,-99.64122429999999
"Chadron, Nebraska",5145,42.8293845,-103.000642
"Falls City, Nebraska",4045,40.0608352,-95.60192939999999
"McCook, Nebraska",7253,40.1966701,-100.6248741
"Nebraska City, Nebraska",7414,40.6765745,-95.8593616
"Ogallala, Nebraska",4680,41.12821780000001,-101.7203993
"O'Neill, Nebraska",3575,42.4576723,-98.6478882
"Sidney, Nebraska",6440,41.1448219,-102.9774497
"Valentine, Nebraska",2631,42.87278329999999,-100.5509669
"West Point, Nebraska",3458,41.8416659,-96.7086432
"York, Nebraska",8180,40.8673915,-97.5920867
"Ely, Nevada",3907,39.2533328,-114.874248
"Fernley, Nevada",24744,39.6079683,-119.2518349
"Mesquite, Nevada",22786,36.80553099999999,-114.06719
"West Wendover, Nevada",4499,40.739097,-114.073345
"Yerington, Nevada",3194,38.98575080000001,-119.1629309
"Berlin, New Hampshire",9459,44.4686696,-71.18507679999999
"Dover, New Hampshire",79196,43.1978624,-70.8736698
"Portsmouth, New Hampshire",22733,43.0717552,-70.7625532
"Asbury Park, New Jersey",185325,40.2203907,-74.0120817
"Beachwood borough, New Jersey",17592,39.9390069,-74.1929188
"Bernardsville borough, New Jersey",64371,40.7187119,-74.569324
"Bound Brook borough, New Jersey",252338,40.5674044,-74.5375399
"Franklin borough, New Jersey",8339,41.12204089999999,-74.5804378
"Freehold borough, New Jersey",12430,40.2600628,-74.27421269999999
"High Bridge borough, New Jersey",6373,40.6670454,-74.8957231
"Hopatcong borough, New Jersey",28793,40.9328762,-74.6593281
"North Wildwood, New Jersey",14528,39.0006686,-74.79933299999999
"Artesia, New Mexico",12326,32.8423345,-104.4032962
"Belen, New Mexico",12381,34.6627652,-106.7761546
"Clayton, New Mexico",2581,36.451693,-103.1841039
"Edgewood, New Mexico",6130,35.0614358,-106.1914141
"Grants, New Mexico",8996,35.14726,-107.8514466
"Raton, New Mexico",5978,36.9033581,-104.4391532
"Santa Rosa, New Mexico",2769,34.93867,-104.6824892
"Socorro, New Mexico",8361,34.0583995,-106.8914159
"Truth or Consequences, New Mexico",6000,33.1284047,-107.2528069
"Tucumcari, New Mexico",5123,35.171723,-103.7249662
"Amityville, New York",77152,40.6789893,-73.4170673
"Canton, New York",7064,44.5956163,-75.1690942
"Dansville, New York",4346,42.5608999,-77.696106
"Dunkirk, New York",24480,42.4795019,-79.3339324
"Gouverneur, New York",3617,44.33672809999999,-75.462993
"Hornell, New York",12838,42.3278477,-77.6611025
"Malone, New York",5400,44.8486596,-74.29489830000001
"Ogdensburg, New York",9304,44.6942291,-75.48633640000001
"Oswego, New York",17022,43.4553461,-76.5104973
"Patchogue, New York",15964,40.7659783,-73.01934299999999
"Sag Harbor, New York",9973,40.99787730000001,-72.2925819
"Saranac Lake, New York",4871,44.329496,-74.1312662
"Springville, New York",4155,42.5083952,-78.6672482
"Tupper Lake, New York",3328,44.2239488,-74.4640575
"Ahoskie, North Carolina",4651,36.2868223,-76.98468079999999
"Asheboro, North Carolina",32400,35.7079146,-79.8136446
"Clinton, North Carolina",8320,34.9979453,-78.32333249999999
"Edenton, North Carolina",4485,36.057938,-76.6077213
"Franklin, North Carolina",4328,35.1823171,-83.3815429
"Oak Island, North Carolina",16923,33.9203824,-78.16081969999999
"Plymouth, North Carolina",3204,35.8668281,-76.7485555
"Roxboro, North Carolina",8212,36.3937519,-78.982788
"Salisbury, North Carolina",51116,35.6709727,-80.4742261
"Shallotte, North Carolina",5171,33.9792949,-78.3765176
"Statesville, North Carolina",30220,35.7846006,-80.8883291
"Tabor City, North Carolina",6419,34.1487804,-78.8766916
"Wallace, North Carolina",3472,34.735724,-77.99526279999999
"Warsaw, North Carolina",2735,34.9993329,-78.091101
"Whiteville, North Carolina",4677,34.3387802,-78.7030721
"Windsor, North Carolina",3250,35.9984925,-76.9460641
"Wingate, North Carolina",7002,34.9843176,-80.4492319
"Beulah, North Dakota",3034,47.2633403,-101.7779462
"Devils Lake, North Dakota",7135,48.112779,-98.86512019999999
"Grafton, North Dakota",4059,48.4122107,-97.410634
"New Town, North Dakota",2725,47.9808483,-102.4901804
"Valley City, North Dakota",6551,46.9233129,-98.0031547
"Watford City, North Dakota",6020,47.8022412,-103.2832467
"Ashtabula, Ohio",29556,41.8650534,-80.7898089
"Bethel, Ohio",9632,38.96367710000001,-84.0807664
"Chardon, Ohio",5239,41.5786639,-81.2133262
"Conneaut, Ohio",12360,41.9475551,-80.5542409
"Fairport Harbor, Ohio",3081,41.7500431,-81.2739916
"Georgetown, Ohio",4458,38.8645138,-83.90409439999999
"Jackson, Ohio",11663,39.0520169,-82.6365536
"Lancaster, Ohio",41422,39.7136754,-82.5993294
"Lorain, Ohio",65337,41.452819,-82.1823746
"Madison, Ohio",3416,41.7711633,-81.049819
"Middlefield, Ohio",2750,41.4619986,-81.0737079
"West Union, Ohio",3051,38.7945166,-83.5451934
"Alva, Oklahoma",4978,36.8050308,-98.6664737
"Anadarko, Oklahoma",5518,35.072562,-98.2436625
"Atoka, Oklahoma",2953,34.3859257,-96.12832519999999
"Bristow, Oklahoma",4258,35.8306334,-96.39111799999999
"Broken Bow, Oklahoma",4222,34.0292764,-94.7391045
"Chandler, Oklahoma",2924,35.7017314,-96.88085819999999
"Chickasha, Oklahoma",16745,35.052565,-97.93643259999999
"El Reno, Oklahoma",19216,35.5322741,-97.9550493
"Eufaula, Oklahoma",2833,35.2873206,-95.58248460000002
"Fairview, Oklahoma",2661,36.2689248,-98.4798009
"Guthrie, Oklahoma",11398,35.878937,-97.42531849999999
"Heavener, Oklahoma",3024,34.8955218,-94.6030084
"Henryetta, Oklahoma",5612,35.4398261,-95.98194289999999
"Hobart, Oklahoma",3358,35.0295009,-99.0931317
"Holdenville, Oklahoma",9002,35.0803617,-96.3991765
"Hominy, Oklahoma",6503,36.4142357,-96.3952963
"Idabel, Oklahoma",6971,33.8956647,-94.8263281
"Kingfisher, Oklahoma",5057,35.861432,-97.9317203
"Lindsay, Oklahoma",2866,34.8347959,-97.6025319
"Okemah, Oklahoma",3051,35.4325854,-96.30500640000001
"Okmulgee, Oklahoma",11376,35.6266957,-95.9515399
"Pauls Valley, Oklahoma",6053,34.7400809,-97.22224510000001
"Poteau, Oklahoma",9075,35.0537094,-94.6235579
"Pryor Creek, Oklahoma",9636,36.3084275,-95.31691359999999
"Stigler, Oklahoma",2756,35.253708,-95.1230169
"Stroud, Oklahoma",2829,35.7486798,-96.6580726
"Watonga, Oklahoma",2606,35.8447654,-98.413128
"Burns, Oregon",2710,43.586037,-119.0544462
"Florence, Oregon",9470,43.9826214,-124.0998409
"La Pine, Oregon",2540,43.6703014,-121.5037711
"Madras, Oregon",7744,44.6334544,-121.1294872
"Oakridge, Oregon",3147,43.7465124,-122.4617159
"Pendleton, Oregon",17289,45.672075,-118.7885967
"Prineville, Oregon",11745,44.2998485,-120.8344664
"Tillamook, Oregon",5196,45.4562158,-123.8440137
"Bedford borough, Pennsylvania",2830,40.0186921,-78.50390689999999
"Butler, Pennsylvania",13099,40.8611755,-79.89533279999999
"California borough, Pennsylvania",23258,40.0656291,-79.8917139
"Connellsville, Pennsylvania",15198,40.0178522,-79.58948280000001
"Ellwood City borough, Pennsylvania",11245,40.8617303,-80.2864515
"Freeland borough, Pennsylvania",11544,41.0167507,-75.897143
"Greensburg, Pennsylvania",41359,40.3014581,-79.5389289
"Wellsboro borough, Pennsylvania",3427,41.74868379999999,-77.3005304
"Andrews, South Carolina",2546,33.45127799999999,-79.56089709999999
"Barnwell, South Carolina",4577,33.2448733,-81.3587177
"Batesburg-Leesville, South Carolina",5297,33.9101425,-81.5373261
"Camden, South Carolina",8431,34.24653929999999,-80.6070237
"Chester, South Carolina",5227,34.7048613,-81.2142561
"Hampton, South Carolina",2610,32.8779425,-81.12760519999999
"Kingstree, South Carolina",3072,33.6676643,-79.83062640000001
"Lancaster, South Carolina",9103,34.7204257,-80.7709014
"Moncks Corner, South Carolina",16621,33.1960027,-80.01313739999999
"Pageland, South Carolina",2504,34.7732102,-80.39173149999999
"Walterboro, South Carolina",5475,32.9051704,-80.6667688
"Williston, South Carolina",2861,33.4026477,-81.4201063
"Winnsboro, South Carolina",3264,34.3807012,-81.0864776
"Hot Springs, South Dakota",3609,43.431646,-103.4743625
"Madison, South Dakota",6091,44.0060847,-97.1139496
"Milbank, South Dakota",3512,45.2150121,-96.6338493
"Mobridge, South Dakota",3224,45.5372162,-100.4279129
"Winner, South Dakota",2912,43.3766665,-99.8590069
"Atoka, Tennessee",31692,35.4378882,-89.7786426
"Bolivar, Tennessee",5136,35.2561937,-88.9878389
"Brownsville, Tennessee",9386,35.5939671,-89.26229099999999
"Centerville, Tennessee",3567,35.77895650000001,-87.46695869999999
"Covington, Tennessee",8568,35.5699659,-89.6464641
"Dickson, Tennessee",20905,36.0770048,-87.3877899
"Harriman, Tennessee",18024,35.9339638,-84.5524358
"Hartsville/Trousdale County, Tennessee",12271,36.396385,-86.15482689999999
"Lafayette, Tennessee",5839,36.5211623,-86.0263732
"La Follette, Tennessee",7242,36.3828852,-84.1199472
"Lebanon, Tennessee",48112,36.2081098,-86.2911024
"Murfreesboro, Tennessee",165430,35.8456213,-86.39027
"Oneida, Tennessee",3815,36.4981341,-84.51271620000001
"Savannah, Tennessee",7311,35.22426,-88.2441182
"Somerville, Tennessee",3525,35.2436969,-89.35007139999999
"Trenton, Tennessee",4092,35.9806239,-88.94145379999999
"Waverly, Tennessee",4275,36.0839489,-87.794747
"Whiteville, Tennessee",4561,35.3264714,-89.1495102
"Alpine, Texas",6039,30.3561488,-103.6696958
"Alvarado, Texas",6225,32.4065312,-97.2116782
"Azle, Texas",32963,32.8951262,-97.5458565
"Ballinger, Texas",3581,31.7382062,-99.9473077
"Bastrop, Texas",11679,30.1104947,-97.3152701
"Big Lake, Texas",2753,31.1915437,-101.4603945
"Boerne, Texas",33180,29.79466409999999,-98.7319703
"Bowie, Texas",5964,33.5589953,-97.84864569999999
"Brady, Texas",4965,31.1351682,-99.3350552
"Breckenridge, Texas",5140,32.7556768,-98.90228979999999
"Brownfield, Texas",8652,33.1812035,-102.2743489
"Bulverde, Texas",6970,29.79793429999999,-98.42289199999999
"Burleson, Texas",84219,32.5420821,-97.3208492
"Burnet, Texas",6940,30.75823759999999,-98.2283585
"Cameron, Texas",5511,30.8532454,-96.9769304
"Carrizo Springs, Texas",4628,28.5219292,-99.8606107
"Carthage, Texas",6601,32.1573841,-94.3374199
"Center, Texas",5163,31.7952962,-94.1802599
"Childress, Texas",5770,34.4264529,-100.2040019
"Cisco, Texas",7651,32.38818610000001,-98.97923360000001
"Clarksville, Texas",2876,33.6106648,-95.05272199999999
"Cleveland, Texas",9113,30.34132,-95.0854885
"Clifton, Texas",3532,31.78237979999999,-97.5766862
"Coleman, Texas",3966,31.8273679,-99.4264532
"Columbus, Texas",3786,29.7066232,-96.5396933
"Comanche, Texas",4294,31.8973693,-98.60365809999999
"Conroe, Texas",121526,30.3118769,-95.45605119999999
"Cotulla, Texas",3612,28.436934,-99.23503219999999
"Crane, Texas",3362,31.3973624,-102.3501419
"Crockett, Texas",6286,31.3177591,-95.4571905
"Crystal City, Texas",6099,28.6774795,-99.8281104
"Cuero, Texas",8204,29.0938652,-97.28915680000001
"Dalhart, Texas",8353,36.0594772,-102.5132497
"Dayton, Texas",18467,30.0466051,-94.8852026
"Decatur, Texas",14530,33.2342834,-97.5861393
"Denton, Texas",275689,33.2148412,-97.13306829999999
"Denver City, Texas",4301,32.9645475,-102.8290963
"Devine, Texas",7758,29.1399633,-98.905306
"Dickinson, Texas",89326,29.4607876,-95.0513172
"Dilley, Texas",3333,28.6674802,-99.1705887
"Eagle Lake, Texas",3508,29.5896836,-96.3335769
"Falfurrias, Texas",4420,27.2269872,-98.1441714
"Farmersville, Texas",4175,33.1634493,-96.3599821
"Fate, Texas",193560,32.9431648,-96.3904476
"Floresville, Texas",8306,29.1335781,-98.15611919999999
"Floydada, Texas",2519,33.9845232,-101.3376574
"Fort Stockton, Texas",8113,30.8940431,-102.8793222
"Fort Worth, Texas",1048897,32.7554883,-97.3307658
"Frisco, Texas",283503,33.1506744,-96.82361159999999
"Fulshear, Texas",78981,29.6899843,-95.90002439999999
"Georgetown, Texas",96312,30.6332618,-97.6779842
"Giddings, Texas",5254,30.1827159,-96.93637100000001
"Gonzales, Texas",7221,29.5016257,-97.4524926
"Graham, Texas",8819,33.1070597,-98.589502
"Grand Saline, Texas",3256,32.6734636,-95.70940689999999
"Granite Shoals, Texas",18087,30.5869512,-98.3816672
"Greenville, Texas",36900,33.1398034,-96.1072021
"Groesbeck, Texas",3610,31.5243379,-96.5338693
"Hallettsville, Texas",2756,29.4438528,-96.9410929
"Hamilton, Texas",2997,31.7037655,-98.1239231
"Haskell, Texas",3058,33.1576031,-99.7337014
"Haslet, Texas",3861,32.9748469,-97.34779569999999
"Hillsboro, Texas",8703,32.0109886,-97.13000609999999
"Hondo, Texas",8786,29.3474565,-99.14142489999999
"Jacksboro, Texas",4219,33.2184477,-98.15865579999999
"Jasper, Texas",7470,30.920823,-93.99688119999999
"Junction, Texas",2531,30.4893555,-99.7720109
"Kaufman, Texas",9201,32.5890238,-96.3088693
"Kenedy, Texas",6515,28.8191468,-97.8486123
"Kermit, Texas",5952,31.8576265,-103.0926652
"Lacy-Lakeview, Texas",7309,31.1046291,-95.08854640000001
"La Grange, Texas",4541,29.9055033,-96.87664699999999
"Lake Jackson, Texas",74017,29.0338575,-95.4343859
"Lamesa, Texas",8266,32.7376001,-101.950992
"Lampasas, Texas",7855,31.06378399999999,-98.18169569999999
"Levelland, Texas",12530,33.5873164,-102.37796
"Liberty Hill, Texas",10428,30.6649119,-97.9225161
"Littlefield, Texas",5768,33.9173148,-102.3249022
"Livingston, Texas",5747,30.7110216,-94.9330202
"Llano, Texas",3511,30.75934519999999,-98.67503789999999
"Lockhart, Texas",15318,29.8849441,-97.6699996
"Luling, Texas",5754,29.68050659999999,-97.647498
"McKinney, Texas",241536,33.1983388,-96.6389342
"Madisonville, Texas",4602,30.9499111,-95.9116188
"Magnolia, Texas",5320,30.2093794,-95.75078150000002
"Mexia, Texas",6859,31.6798895,-96.482203
"Monahans, Texas",7311,31.5942991,-102.8926536
"Muleshoe, Texas",4970,34.2264676,-102.7238263
"Needville, Texas",3088,29.3994101,-95.8377297
"New Braunfels, Texas",110958,29.702566,-98.12406349999999
"Nocona, Texas",3190,33.7867684,-97.7258626
"Oak Ridge North, Texas",2968,30.1571758,-95.44611479999999
"Olney, Texas",3017,33.370663,-98.7528394
"Onalaska, Texas",3224,30.814491,-95.10330379999999
"Pearsall, Texas",8946,28.8921939,-99.095033
"Perryton, Texas",8219,36.40003129999999,-100.8026505
"Pleasanton, Texas",18491,28.967194,-98.4786269
"Post, Texas",3486,33.1909283,-101.3781941
"Prairie View, Texas",8479,30.0932737,-95.9877339
"Presidio, Texas",3102,29.5607383,-104.3721465
"Refugio, Texas",2757,28.3052838,-97.2752704
"Rockdale, Texas",5588,30.6554759,-97.00137439999999
"Rosenberg, Texas",53920,29.5571825,-95.80856229999999
"San Marcos, Texas",71569,29.8832749,-97.9413941
"San Saba, Texas",3115,31.1957234,-98.718098
"Schulenburg, Texas",2783,29.6819003,-96.9030365
"Sealy, Texas",7243,29.7807878,-96.1571833
"Seguin, Texas",36013,29.56892479999999,-97.96458319999999
"Seminole, Texas",7231,32.7189926,-102.6449101
"Seymour, Texas",2576,33.5942608,-99.26035309999999
"Smithville, Texas",4126,30.0085542,-97.15943209999999
"Spearman, Texas",3037,36.1983665,-101.1923795
"Stamford, Texas",2942,32.9453874,-99.8028709
"Teague, Texas",6508,31.6271145,-96.28386200000001
"Terrell, Texas",21480,32.7359626,-96.2752569
"Texas City, Texas",109846,29.383845,-94.9027002
"Tomball, Texas",14201,30.0971621,-95.6160549
"Waxahachie, Texas",47201,32.3865312,-96.8483311
"Wills Point, Texas",3981,32.7092955,-96.0083018
"Wimberley, Texas",2881,29.9974362,-98.0986204
"Yoakum, Texas",5862,29.2877469,-97.15193099999999
"Beaver, Utah",3676,38.2769149,-112.6410518
"Blanding, Utah",3189,37.6241646,-109.478177
"Delta, Utah",3728,39.3521777,-112.57717
"Ephraim, Utah",9753,39.3596841,-111.5863052
"Fillmore, Utah",2671,38.9638553,-112.3397377
"Gunnison, Utah",3621,39.1552391,-111.8182582
"Kanab, Utah",5240,37.0474855,-112.5263145
"Moab, Utah",5221,38.5733155,-109.5498395
"Monroe, Utah",2685,38.6299724,-112.1207573
"Mount Pleasant, Utah",3871,39.5469073,-111.4554659
"Nephi, Utah",7122,39.7102336,-111.8363216
"Richfield, Utah",8268,38.7724673,-112.0840943
"Roosevelt, Utah",7224,40.299403,-109.9887605
"Salina, Utah",2592,38.9577407,-111.859925
"Tooele, Utah",54530,40.53077760000001,-112.29828
"Newport, Vermont",4336,44.9364356,-72.2051022
"Abingdon, Virginia",8325,36.70983349999999,-81.9773482
"Blackstone, Virginia",3336,37.080428,-77.99722589999999
"Chincoteague, Virginia",3271,37.933179,-75.3788086
"Colonial Beach, Virginia",4003,38.2545737,-76.963583
"Covington, Virginia",8933,37.7934585,-79.99394629999999
"Dumfries, Virginia",5916,38.5676202,-77.3280382
"Farmville, Virginia",7478,37.3020965,-78.3919401
"Franklin, Virginia",8339,36.6776507,-76.9224608
"Lebanon, Virginia",3110,36.900942,-82.0801309
"Leesburg, Virginia",63956,39.1154523,-77.5645323
"Lexington, Virginia",7528,37.78402080000001,-79.4428157
"Luray, Virginia",4828,38.665397,-78.4594522
"Manassas, Virginia",42696,38.7509488,-77.47526669999999
"Marion, Virginia",5617,36.8348383,-81.5148368
"Newport News, Virginia",183118,37.0870821,-76.4730122
"Richlands, Virginia",5095,37.0931692,-81.7937271
"Smithfield, Virginia",8989,36.9823709,-76.63106619999999
"South Boston, Virginia",7803,36.6987493,-78.9013987
"South Hill, Virginia",4881,36.726532,-78.1288857
"Suffolk, Virginia",100659,36.7282054,-76.5835621
"Warrenton, Virginia",10210,38.7134516,-77.7952712
"West Point, Virginia",3536,37.53153349999999,-76.7963504
"Williamsburg, Virginia",15847,37.2707022,-76.7074571
"Windsor, Virginia",2899,36.808483,-76.74412459999999
"Wise, Virginia",2890,36.9759345,-82.5757108
"Woodstock, Virginia",5940,38.8817784,-78.50584289999999
"Chelan, Washington",4412,47.8408323,-120.0168079
"Chewelah, Washington",2659,48.276287,-117.7155208
"Colville, Washington",5037,48.5449971,-117.9009544
"Dayton, Washington",2510,46.3237525,-117.9724367
"Eatonville, Washington",2804,46.86732629999999,-122.266502
"Enumclaw, Washington",24902,47.2042681,-121.9915003
"Everett, Washington",255871,47.9789848,-122.2020794
"Forks, Washington",3418,47.950355,-124.3854867
"Grandview, Washington",33779,46.2509653,-119.9017049
"Granite Falls, Washington",4829,48.0839895,-121.968742
"Mattawa, Washington",3761,46.73791,-119.9028234
"North Bend, Washington",8268,47.4956579,-121.7867775
"Omak, Washington",5004,48.4109853,-119.5275506
"Orting, Washington",8955,47.0978795,-122.2042824
"Quincy, Washington",8315,47.2342997,-119.8525504
"Lewisburg, West Virginia",3785,37.8017879,-80.44563029999999
"New Martinsville, West Virginia",5087,39.6445214,-80.85759929999999
"Summersville, West Virginia",3344,38.2812203,-80.8525981
"Algoma, Wisconsin",3217,44.6088884,-87.4325891
"Amery, Wisconsin",2956,45.3069062,-92.3621369
"Antigo, Wisconsin",7974,45.140245,-89.15233529999999
"Ashland, Wisconsin",7878,46.5924428,-90.8837982
"Bloomfield, Wisconsin",7828,42.5199667,-88.38219889999999
"Boscobel, Wisconsin",3217,43.1344289,-90.7054045
"Hayward, Wisconsin",2584,46.0130065,-91.4846208
"Kewaunee, Wisconsin",2798,44.4583321,-87.50313969999999
"Ladysmith, Wisconsin",3087,45.4630231,-91.10403579999999
"Marshfield, Wisconsin",18736,44.6688524,-90.1717987
"Mauston, Wisconsin",6713,43.7971946,-90.0773495
"Medford, Wisconsin",4406,45.1385798,-90.3401404
"New Richmond, Wisconsin",10705,45.1230213,-92.5365865
"Prairie du Chien, Wisconsin",5373,43.0516505,-91.1412404
"Rhinelander, Wisconsin",8185,45.6366228,-89.4120753
"Richland Center, Wisconsin",4944,43.3347053,-90.3867928
"Stanley, Wisconsin",3798,44.95996570000001,-90.93708459999999
"Tomahawk, Wisconsin",3385,45.4710792,-89.7298594
"Viroqua, Wisconsin",4437,43.5569174,-90.88874129999999
"Waupaca, Wisconsin",6333,44.3580348,-89.0859464
"West Bend, Wisconsin",31886,43.4252776,-88.1834277
"Buffalo, Wyoming",4621,44.3481879,-106.6991232
"Douglas, Wyoming",6449,42.7596897,-105.3822069
"Newcastle, Wyoming",3326,43.8547003,-104.2049408
"Rawlins, Wyoming",8032,41.7910697,-107.2386627
"Thermopolis, Wyoming",2742,43.6460672,-108.2120432
"Torrington, Wyoming",6212,42.0624646,-104.1843942
"Wheatland, Wyoming",3509,42.0544141,-104.9527501
"Worland, Wyoming",4785,44.01690139999999,-107.9553721
Albion,7622,42.243097,-84.7530304
Alliance,21414,40.9153362,-81.1059309
Alton,30466,38.8906038,-90.1842764
Arcadia Valley,1444,37.5972724,-90.6273444
Bellows Falls,5034,43.133411,-72.4439772
Berlin,20175,41.621488,-72.7456519
Browning,1010,48.5569174,-113.0134175
Brunswick,21756,43.9140162,-69.9669961
Chemult ,70212,43.2165182,-121.7831612
Coatesville,13320,39.9831616,-75.8238355
Culpeper,20764,38.4733465,-77.9961177
Denmark,3084,33.3226546,-81.1423236
Dillon,6332,34.4165505,-79.3711579
Durand,3483,42.91197529999999,-83.984684
East Glacier Park,13681,48.4415005,-113.2184044
Elizabethtown,11943,40.1528719,-76.6027455
Essex,111814,48.2780178,-113.6126035
Exeter,16049,42.9814292,-70.9477546
Exton,18381,40.0325817,-75.6274583
FerrisburghVergennes ,2646,44.2056098,-73.2462341
FraserWinter Park ,1411,39.9449868,-105.8172316
Fredericksburg,28757,38.3031837,-77.4605399
Freeport,8737,43.8570065,-70.1031201
Gastonia,82653,35.2621735,-81.1870849
Granby,2159,40.086097,-105.9394597
Green River,876,38.9955607,-110.1596352
Haverhill,67153,42.7762015,-71.0772796
High Point ,115067,35.9556923,-80.0053176
Hinton,2185,37.674008,-80.8892539
Holdrege,5506,40.4402885,-99.3698217
Kannapolis,55448,35.4873613,-80.6217341
Leavenworth ,2422,47.5962326,-120.6614765
Lexington,19679,35.8240265,-80.2533838
LompocSurf,443837,34.6844268,-120.6035029
Lordsburg,2226,32.3503605,-108.7086649
Madera,68050,36.9613356,-120.0607176
Malta,1868,48.3597197,-107.8742831
Marks,1322,34.2565,-90.2720375
Middlebury,9152,44.0153371,-73.16734
Mineola,5017,32.6631884,-95.4882896
Montgomery,1235,38.1803833,-81.3284452
Newton ,18392,38.0466779,-97.3450365
Old Orchard Beach,8423,43.5177659,-70.3772911
Old Saybrook,10506,41.2960159,-72.3845301
Parkesburg,3934,39.9594013,-75.9168482
Pomona,145017,34.055103,-117.7499909
Portage ,10200,43.5391486,-89.4626202
Poughkeepsie,32010,41.7003713,-73.9209701
Rantoul,12122,40.3083672,-88.1558785
Roseville ,154817,38.7521235,-121.2880059
Rouses Point,2534,44.9939279,-73.3648557
Rugby,2481,48.3688876,-99.9962463
SacoBiddeford,20446,43.5009176,-70.4428286
Sanderson,693,30.1424083,-102.3940324
Saratoga Springs,38813,43.0831301,-73.7845651
Schriever,104786,29.7421537,-90.8103705
Selma,6806,35.53654849999999,-78.2844435
St. Albans,6877,44.8107132,-73.0835582
St. JosephBenton Harbor,7768,42.0938577,-86.4895463
Stanley,2194,48.3172413,-102.3904515
Tacoma Dome,221776,47.2528768,-122.4442906
Thurmond,5,37.9615016,-81.082322
Ticonderoga,3399,43.8486707,-73.4234531
Tomah,9459,43.9785759,-90.5040214
Tyrone ,5363,40.6706184,-78.2386244
Wallingford,44446,41.4570108,-72.8230736
Walnut Ridge,5492,36.0683675,-90.9559411
WaterburyStowe,1686,44.3378203,-72.7562636
Wells,11314,43.3222329,-70.5805209
West Glacier,111814,48.4949755,-113.9810756
Westport,1634,44.18338259999999,-73.4637448
Whitehall,3980,43.5556231,-73.4037234
Wilmington ,71569,39.744655,-75.5483909
WindsorMt. Ascutney,3559,43.4799996,-72.3865679
Winter Park Resort,1024,39.8916537,-105.7630624
Wisconsin Dells,3212,43.6274794,-89.7709579
Yemassee,18113,32.6884817,-80.8515212
Petersburgh,33458,37.2419, -77.4287